tempo;sinal_1;sinal_2
-2.498000E-03,+1.648241188E+00,+125.000000E-03
-2.495500E-03,+1.648241188E+00,+326.005027E-03
-2.493000E-03,+1.648241188E+00,+125.000000E-03
-2.490500E-03,+1.648241188E+00,+125.000000E-03
-2.488000E-03,+1.608040184E+00,+125.000000E-03
-2.485500E-03,+1.648241188E+00,+125.000000E-03
-2.483000E-03,+1.648241188E+00,+125.000000E-03
-2.480500E-03,+1.648241188E+00,+125.000000E-03
-2.478000E-03,+1.688442193E+00,+125.000000E-03
-2.475500E-03,+1.648241188E+00,+125.000000E-03
-2.473000E-03,+1.648241188E+00,+326.005027E-03
-2.470500E-03,+1.648241188E+00,+125.000000E-03
-2.468000E-03,+1.688442193E+00,+125.000000E-03
-2.465500E-03,+1.688442193E+00,+125.000000E-03
-2.463000E-03,+1.648241188E+00,+125.000000E-03
-2.460500E-03,+1.688442193E+00,+125.000000E-03
-2.458000E-03,+1.648241188E+00,-76.005027E-03
-2.455500E-03,+1.688442193E+00,+125.000000E-03
-2.453000E-03,+1.648241188E+00,-76.005027E-03
-2.450500E-03,+1.688442193E+00,-76.005027E-03
-2.448000E-03,+1.688442193E+00,+125.000000E-03
-2.445500E-03,+1.688442193E+00,-76.005027E-03
-2.443000E-03,+1.648241188E+00,+125.000000E-03
-2.440500E-03,+1.688442193E+00,+125.000000E-03
-2.438000E-03,+1.688442193E+00,-76.005027E-03
-2.435500E-03,+1.688442193E+00,+125.000000E-03
-2.433000E-03,+1.688442193E+00,+125.000000E-03
-2.430500E-03,+1.688442193E+00,-76.005027E-03
-2.428000E-03,+1.688442193E+00,+125.000000E-03
-2.425500E-03,+1.688442193E+00,-76.005027E-03
-2.423000E-03,+1.688442193E+00,+125.000000E-03
-2.420500E-03,+1.688442193E+00,+125.000000E-03
-2.418000E-03,+1.688442193E+00,+125.000000E-03
-2.415500E-03,+1.688442193E+00,+125.000000E-03
-2.413000E-03,+1.728643198E+00,+125.000000E-03
-2.410500E-03,+1.728643198E+00,+125.000000E-03
-2.408000E-03,+1.688442193E+00,+125.000000E-03
-2.405500E-03,+1.688442193E+00,+125.000000E-03
-2.403000E-03,+1.688442193E+00,-76.005027E-03
-2.400500E-03,+1.688442193E+00,+125.000000E-03
-2.398000E-03,+1.688442193E+00,-76.005027E-03
-2.395500E-03,+1.688442193E+00,-76.005027E-03
-2.393000E-03,+1.688442193E+00,+125.000000E-03
-2.390500E-03,+1.648241188E+00,+125.000000E-03
-2.388000E-03,+1.728643198E+00,-76.005027E-03
-2.385500E-03,+1.688442193E+00,+125.000000E-03
-2.383000E-03,+1.728643198E+00,+125.000000E-03
-2.380500E-03,+1.728643198E+00,-76.005027E-03
-2.378000E-03,+1.688442193E+00,+125.000000E-03
-2.375500E-03,+1.728643198E+00,+125.000000E-03
-2.373000E-03,+1.688442193E+00,+125.000000E-03
-2.370500E-03,+1.728643198E+00,+125.000000E-03
-2.368000E-03,+1.688442193E+00,+125.000000E-03
-2.365500E-03,+1.728643198E+00,+125.000000E-03
-2.363000E-03,+1.688442193E+00,-76.005027E-03
-2.360500E-03,+1.728643198E+00,-76.005027E-03
-2.358000E-03,+1.728643198E+00,-76.005027E-03
-2.355500E-03,+1.728643198E+00,+125.000000E-03
-2.353000E-03,+1.688442193E+00,+125.000000E-03
-2.350500E-03,+1.768844202E+00,-76.005027E-03
-2.348000E-03,+1.728643198E+00,-76.005027E-03
-2.345500E-03,+1.688442193E+00,+125.000000E-03
-2.343000E-03,+1.728643198E+00,+125.000000E-03
-2.340500E-03,+1.728643198E+00,-76.005027E-03
-2.338000E-03,+1.728643198E+00,-76.005027E-03
-2.335500E-03,+1.728643198E+00,-76.005027E-03
-2.333000E-03,+1.728643198E+00,-76.005027E-03
-2.330500E-03,+1.728643198E+00,+125.000000E-03
-2.328000E-03,+1.728643198E+00,+125.000000E-03
-2.325500E-03,+1.728643198E+00,-76.005027E-03
-2.323000E-03,+1.688442193E+00,+125.000000E-03
-2.320500E-03,+1.728643198E+00,+125.000000E-03
-2.318000E-03,+1.728643198E+00,+125.000000E-03
-2.315500E-03,+1.688442193E+00,+125.000000E-03
-2.313000E-03,+1.728643198E+00,+125.000000E-03
-2.310500E-03,+1.728643198E+00,+125.000000E-03
-2.308000E-03,+1.728643198E+00,+125.000000E-03
-2.305500E-03,+1.728643198E+00,+125.000000E-03
-2.303000E-03,+1.648241188E+00,+125.000000E-03
-2.300500E-03,+1.728643198E+00,-76.005027E-03
-2.298000E-03,+1.728643198E+00,-76.005027E-03
-2.295500E-03,+1.728643198E+00,+125.000000E-03
-2.293000E-03,+1.728643198E+00,+125.000000E-03
-2.290500E-03,+1.688442193E+00,+125.000000E-03
-2.288000E-03,+1.728643198E+00,+125.000000E-03
-2.285500E-03,+1.728643198E+00,+125.000000E-03
-2.283000E-03,+1.728643198E+00,-76.005027E-03
-2.280500E-03,+1.688442193E+00,+125.000000E-03
-2.278000E-03,+1.728643198E+00,-76.005027E-03
-2.275500E-03,+1.728643198E+00,-76.005027E-03
-2.273000E-03,+1.728643198E+00,+125.000000E-03
-2.270500E-03,+1.768844202E+00,+125.000000E-03
-2.268000E-03,+1.728643198E+00,-76.005027E-03
-2.265500E-03,+1.728643198E+00,+125.000000E-03
-2.263000E-03,+1.728643198E+00,-76.005027E-03
-2.260500E-03,+1.728643198E+00,+125.000000E-03
-2.258000E-03,+1.688442193E+00,+125.000000E-03
-2.255500E-03,+1.728643198E+00,-76.005027E-03
-2.253000E-03,+1.728643198E+00,-76.005027E-03
-2.250500E-03,+1.728643198E+00,-76.005027E-03
-2.248000E-03,+1.768844202E+00,-76.005027E-03
-2.245500E-03,+1.728643198E+00,+125.000000E-03
-2.243000E-03,+1.728643198E+00,+125.000000E-03
-2.240500E-03,+1.728643198E+00,-76.005027E-03
-2.238000E-03,+1.728643198E+00,-76.005027E-03
-2.235500E-03,+1.768844202E+00,-76.005027E-03
-2.233000E-03,+1.728643198E+00,+125.000000E-03
-2.230500E-03,+1.728643198E+00,+125.000000E-03
-2.228000E-03,+1.728643198E+00,-76.005027E-03
-2.225500E-03,+1.728643198E+00,-76.005027E-03
-2.223000E-03,+1.728643198E+00,-76.005027E-03
-2.220500E-03,+1.768844202E+00,+125.000000E-03
-2.218000E-03,+1.728643198E+00,+125.000000E-03
-2.215500E-03,+1.768844202E+00,-76.005027E-03
-2.213000E-03,+1.728643198E+00,-76.005027E-03
-2.210500E-03,+1.728643198E+00,-76.005027E-03
-2.208000E-03,+1.768844202E+00,-76.005027E-03
-2.205500E-03,+1.728643198E+00,-76.005027E-03
-2.203000E-03,+1.728643198E+00,+125.000000E-03
-2.200500E-03,+1.728643198E+00,+125.000000E-03
-2.198000E-03,+1.728643198E+00,+125.000000E-03
-2.195500E-03,+1.728643198E+00,-76.005027E-03
-2.193000E-03,+1.728643198E+00,+125.000000E-03
-2.190500E-03,+1.728643198E+00,+125.000000E-03
-2.188000E-03,+1.728643198E+00,-76.005027E-03
-2.185500E-03,+1.768844202E+00,-76.005027E-03
-2.183000E-03,+1.688442193E+00,-76.005027E-03
-2.180500E-03,+1.768844202E+00,+125.000000E-03
-2.178000E-03,+1.728643198E+00,+125.000000E-03
-2.175500E-03,+1.728643198E+00,+125.000000E-03
-2.173000E-03,+1.728643198E+00,-76.005027E-03
-2.170500E-03,+1.688442193E+00,-76.005027E-03
-2.168000E-03,+1.728643198E+00,-76.005027E-03
-2.165500E-03,+1.728643198E+00,+125.000000E-03
-2.163000E-03,+1.728643198E+00,-76.005027E-03
-2.160500E-03,+1.728643198E+00,+125.000000E-03
-2.158000E-03,+1.728643198E+00,+125.000000E-03
-2.155500E-03,+1.728643198E+00,+125.000000E-03
-2.153000E-03,+1.728643198E+00,-76.005027E-03
-2.150500E-03,+1.768844202E+00,+125.000000E-03
-2.148000E-03,+1.768844202E+00,+125.000000E-03
-2.145500E-03,+1.728643198E+00,-76.005027E-03
-2.143000E-03,+1.768844202E+00,+125.000000E-03
-2.140500E-03,+1.728643198E+00,+125.000000E-03
-2.138000E-03,+1.768844202E+00,+125.000000E-03
-2.135500E-03,+1.728643198E+00,-76.005027E-03
-2.133000E-03,+1.728643198E+00,-76.005027E-03
-2.130500E-03,+1.768844202E+00,-76.005027E-03
-2.128000E-03,+1.728643198E+00,+125.000000E-03
-2.125500E-03,+1.728643198E+00,-277.010053E-03
-2.123000E-03,+1.728643198E+00,-76.005027E-03
-2.120500E-03,+1.768844202E+00,-76.005027E-03
-2.118000E-03,+1.768844202E+00,+125.000000E-03
-2.115500E-03,+1.728643198E+00,+125.000000E-03
-2.113000E-03,+1.728643198E+00,+125.000000E-03
-2.110500E-03,+1.768844202E+00,+125.000000E-03
-2.108000E-03,+1.728643198E+00,+125.000000E-03
-2.105500E-03,+1.728643198E+00,-76.005027E-03
-2.103000E-03,+1.728643198E+00,-76.005027E-03
-2.100500E-03,+1.728643198E+00,-76.005027E-03
-2.098000E-03,+1.768844202E+00,-76.005027E-03
-2.095500E-03,+1.728643198E+00,-76.005027E-03
-2.093000E-03,+1.728643198E+00,+125.000000E-03
-2.090500E-03,+1.768844202E+00,-76.005027E-03
-2.088000E-03,+1.728643198E+00,+125.000000E-03
-2.085500E-03,+1.728643198E+00,-76.005027E-03
-2.083000E-03,+1.728643198E+00,+125.000000E-03
-2.080500E-03,+1.728643198E+00,-76.005027E-03
-2.078000E-03,+1.768844202E+00,-76.005027E-03
-2.075500E-03,+1.728643198E+00,+125.000000E-03
-2.073000E-03,+1.728643198E+00,-76.005027E-03
-2.070500E-03,+1.728643198E+00,-76.005027E-03
-2.068000E-03,+1.728643198E+00,-76.005027E-03
-2.065500E-03,+1.768844202E+00,-76.005027E-03
-2.063000E-03,+1.728643198E+00,+125.000000E-03
-2.060500E-03,+1.728643198E+00,-76.005027E-03
-2.058000E-03,+1.768844202E+00,-76.005027E-03
-2.055500E-03,+1.728643198E+00,-76.005027E-03
-2.053000E-03,+1.768844202E+00,-76.005027E-03
-2.050500E-03,+1.728643198E+00,-76.005027E-03
-2.048000E-03,+1.728643198E+00,-76.005027E-03
-2.045500E-03,+1.768844202E+00,-76.005027E-03
-2.043000E-03,+1.728643198E+00,-76.005027E-03
-2.040500E-03,+1.728643198E+00,-76.005027E-03
-2.038000E-03,+1.728643198E+00,+125.000000E-03
-2.035500E-03,+1.768844202E+00,-76.005027E-03
-2.033000E-03,+1.728643198E+00,-76.005027E-03
-2.030500E-03,+1.728643198E+00,-76.005027E-03
-2.028000E-03,+1.768844202E+00,-76.005027E-03
-2.025500E-03,+1.728643198E+00,-76.005027E-03
-2.023000E-03,+1.768844202E+00,-76.005027E-03
-2.020500E-03,+1.728643198E+00,+125.000000E-03
-2.018000E-03,+1.728643198E+00,+125.000000E-03
-2.015500E-03,+1.768844202E+00,+125.000000E-03
-2.013000E-03,+1.768844202E+00,-76.005027E-03
-2.010500E-03,+1.728643198E+00,-76.005027E-03
-2.008000E-03,+1.768844202E+00,+125.000000E-03
-2.005500E-03,+1.768844202E+00,+125.000000E-03
-2.003000E-03,+1.768844202E+00,+125.000000E-03
-2.000500E-03,+1.768844202E+00,-76.005027E-03
-1.998000E-03,+1.768844202E+00,+125.000000E-03
-1.995500E-03,+1.728643198E+00,+125.000000E-03
-1.993000E-03,+1.768844202E+00,-76.005027E-03
-1.990500E-03,+1.728643198E+00,-76.005027E-03
-1.988000E-03,+1.728643198E+00,+125.000000E-03
-1.985500E-03,+1.728643198E+00,-880.025133E-03
-1.983000E-03,+1.608040184E+00,-3.493090481E+00
-1.980500E-03,+1.527638175E+00,-6.910175934E+00
-1.978000E-03,+1.487437170E+00,-9.322236255E+00
-1.975500E-03,+1.487437170E+00,-9.322236255E+00
-1.973000E-03,+1.447236165E+00,-7.312185988E+00
-1.970500E-03,+1.366834156E+00,-4.096105561E+00
-1.968000E-03,+1.326633152E+00,-1.282035187E+00
-1.965500E-03,+1.246231142E+00,+125.000000E-03
-1.963000E-03,+1.206030138E+00,-478.015080E-03
-1.960500E-03,+1.165829133E+00,-2.488065347E+00
-1.958000E-03,+1.085427124E+00,-5.302135721E+00
-1.955500E-03,+1.085427124E+00,-7.312185988E+00
-1.953000E-03,+1.005025115E+00,-7.714196041E+00
-1.950500E-03,+964.824110E-03,-6.307160854E+00
-1.948000E-03,+924.623106E-03,-3.895100534E+00
-1.945500E-03,+884.422101E-03,-1.282035187E+00
-1.943000E-03,+844.221096E-03,-76.005027E-03
-1.940500E-03,+763.819087E-03,-277.010053E-03
-1.938000E-03,+763.819087E-03,-2.086055294E+00
-1.935500E-03,+683.417078E-03,-4.297110587E+00
-1.933000E-03,+683.417078E-03,-5.704145774E+00
-1.930500E-03,+603.015069E-03,-6.307160854E+00
-1.928000E-03,+603.015069E-03,-5.302135721E+00
-1.925500E-03,+562.814064E-03,-3.292085454E+00
-1.923000E-03,+482.412055E-03,-1.483040214E+00
-1.920500E-03,+482.412055E-03,-478.015080E-03
-1.918000E-03,+442.211051E-03,-478.015080E-03
-1.915500E-03,+402.010046E-03,-1.684045240E+00
-1.913000E-03,+402.010046E-03,-3.493090481E+00
-1.910500E-03,+361.809041E-03,-4.900125667E+00
-1.908000E-03,+281.407032E-03,-5.302135721E+00
-1.905500E-03,+281.407032E-03,-4.699120641E+00
-1.903000E-03,+241.206028E-03,-3.091080427E+00
-1.900500E-03,+201.005023E-03,-1.684045240E+00
-1.898000E-03,+160.804018E-03,-478.015080E-03
-1.895500E-03,+120.603014E-03,-478.015080E-03
-1.893000E-03,+80.402009E-03,-1.483040214E+00
-1.890500E-03,+80.402009E-03,-2.890075400E+00
-1.888000E-03,+80.402009E-03,-3.895100534E+00
-1.885500E-03,+40.201005E-03,-4.297110587E+00
-1.883000E-03,-40.201005E-03,-4.096105561E+00
-1.880500E-03,-40.201005E-03,-2.890075400E+00
-1.878000E-03,-40.201005E-03,-1.483040214E+00
-1.875500E-03,-80.402009E-03,-679.020107E-03
-1.873000E-03,-120.603014E-03,-478.015080E-03
-1.870500E-03,-160.804018E-03,-1.282035187E+00
-1.868000E-03,-201.005023E-03,-2.488065347E+00
-1.865500E-03,-201.005023E-03,-3.292085454E+00
-1.863000E-03,-241.206028E-03,-3.694095507E+00
-1.860500E-03,-241.206028E-03,-3.493090481E+00
-1.858000E-03,-241.206028E-03,-2.488065347E+00
-1.855500E-03,-321.608037E-03,-1.483040214E+00
-1.853000E-03,-321.608037E-03,-880.025133E-03
-1.850500E-03,-321.608037E-03,-478.015080E-03
-1.848000E-03,-321.608037E-03,-1.081030160E+00
-1.845500E-03,-361.809041E-03,-2.086055294E+00
-1.843000E-03,-442.211051E-03,-2.689070374E+00
-1.840500E-03,-442.211051E-03,-3.091080427E+00
-1.838000E-03,-482.412055E-03,-2.890075401E+00
-1.835500E-03,-482.412055E-03,-2.287060320E+00
-1.833000E-03,-482.412055E-03,-1.483040214E+00
-1.830500E-03,-482.412055E-03,-679.020107E-03
-1.828000E-03,-562.814064E-03,-679.020107E-03
-1.825500E-03,-562.814064E-03,-1.081030160E+00
-1.823000E-03,-562.814064E-03,-1.684045240E+00
-1.820500E-03,-603.015069E-03,-2.287060320E+00
-1.818000E-03,-603.015069E-03,-2.488065347E+00
-1.815500E-03,-643.216074E-03,-2.287060320E+00
-1.813000E-03,-683.417078E-03,-1.885050267E+00
-1.810500E-03,-643.216074E-03,-1.282035187E+00
-1.808000E-03,-723.618083E-03,-679.020107E-03
-1.805500E-03,-723.618083E-03,-679.020107E-03
-1.803000E-03,-723.618083E-03,-880.025133E-03
-1.800500E-03,-763.819087E-03,-1.282035187E+00
-1.798000E-03,-763.819087E-03,-1.885050267E+00
-1.795500E-03,-804.020092E-03,-2.086055294E+00
-1.793000E-03,-804.020092E-03,-2.086055294E+00
-1.790500E-03,-804.020092E-03,-1.684045240E+00
-1.788000E-03,-844.221096E-03,-1.282035187E+00
-1.785500E-03,-844.221096E-03,-880.025133E-03
-1.783000E-03,-884.422101E-03,-478.015080E-03
-1.780500E-03,-924.623106E-03,-679.020107E-03
-1.778000E-03,-884.422101E-03,-1.282035187E+00
-1.775500E-03,-924.623106E-03,-1.483040214E+00
-1.773000E-03,-924.623106E-03,-1.885050267E+00
-1.770500E-03,-964.824110E-03,-1.885050267E+00
-1.768000E-03,-1.005025115E+00,-1.483040214E+00
-1.765500E-03,-964.824110E-03,-1.081030160E+00
-1.763000E-03,-964.824110E-03,-679.020107E-03
-1.760500E-03,-1.005025115E+00,-478.015080E-03
-1.758000E-03,-1.005025115E+00,-478.015080E-03
-1.755500E-03,-1.005025115E+00,-880.025133E-03
-1.753000E-03,-1.045226119E+00,-1.282035187E+00
-1.750500E-03,-1.045226119E+00,-1.483040214E+00
-1.748000E-03,-1.045226119E+00,-1.483040214E+00
-1.745500E-03,-1.085427124E+00,-1.282035187E+00
-1.743000E-03,-1.085427124E+00,-1.081030160E+00
-1.740500E-03,-1.085427124E+00,-679.020107E-03
-1.738000E-03,-1.125628129E+00,-478.015080E-03
-1.735500E-03,-1.165829133E+00,-478.015080E-03
-1.733000E-03,-1.125628129E+00,-679.020107E-03
-1.730500E-03,-1.165829133E+00,-1.081030160E+00
-1.728000E-03,-1.206030138E+00,-1.282035187E+00
-1.725500E-03,-1.165829133E+00,-1.282035187E+00
-1.723000E-03,-1.165829133E+00,-1.081030160E+00
-1.720500E-03,-1.246231142E+00,-880.025133E-03
-1.718000E-03,-1.165829133E+00,-478.015080E-03
-1.715500E-03,-1.206030138E+00,-478.015080E-03
-1.713000E-03,-1.246231142E+00,-478.015080E-03
-1.710500E-03,-1.206030138E+00,-478.015080E-03
-1.708000E-03,-1.246231142E+00,-1.081030160E+00
-1.705500E-03,-1.246231142E+00,-1.081030160E+00
-1.703000E-03,-1.246231142E+00,-1.081030160E+00
-1.700500E-03,-1.286432147E+00,-880.025133E-03
-1.698000E-03,-1.286432147E+00,-679.020107E-03
-1.695500E-03,-1.326633152E+00,-679.020107E-03
-1.693000E-03,-1.286432147E+00,-478.015080E-03
-1.690500E-03,-1.286432147E+00,-277.010053E-03
-1.688000E-03,-1.286432147E+00,-478.015080E-03
-1.685500E-03,-1.326633152E+00,-679.020107E-03
-1.683000E-03,-1.326633152E+00,-880.025133E-03
-1.680500E-03,-1.326633152E+00,-880.025133E-03
-1.678000E-03,-1.326633152E+00,-679.020107E-03
-1.675500E-03,-1.366834156E+00,-478.015080E-03
-1.673000E-03,-1.366834156E+00,-478.015080E-03
-1.670500E-03,-1.366834156E+00,-277.010053E-03
-1.668000E-03,-1.366834156E+00,-277.010053E-03
-1.665500E-03,-1.366834156E+00,-478.015080E-03
-1.663000E-03,-1.407035161E+00,-478.015080E-03
-1.660500E-03,-1.366834156E+00,-880.025133E-03
-1.658000E-03,-1.407035161E+00,-880.025133E-03
-1.655500E-03,-1.407035161E+00,-478.015080E-03
-1.653000E-03,-1.407035161E+00,-679.020107E-03
-1.650500E-03,-1.447236165E+00,-478.015080E-03
-1.648000E-03,-1.407035161E+00,-277.010053E-03
-1.645500E-03,-1.407035161E+00,-277.010053E-03
-1.643000E-03,-1.407035161E+00,-478.015080E-03
-1.640500E-03,-1.447236165E+00,-478.015080E-03
-1.638000E-03,-1.447236165E+00,-478.015080E-03
-1.635500E-03,-1.487437170E+00,-478.015080E-03
-1.633000E-03,-1.447236165E+00,-478.015080E-03
-1.630500E-03,-1.487437170E+00,-679.020107E-03
-1.628000E-03,-1.487437170E+00,-277.010053E-03
-1.625500E-03,-1.487437170E+00,-76.005027E-03
-1.623000E-03,-1.447236165E+00,-277.010053E-03
-1.620500E-03,-1.487437170E+00,-277.010053E-03
-1.618000E-03,-1.487437170E+00,-277.010053E-03
-1.615500E-03,-1.487437170E+00,-478.015080E-03
-1.613000E-03,-1.487437170E+00,-277.010053E-03
-1.610500E-03,-1.487437170E+00,-478.015080E-03
-1.608000E-03,-1.487437170E+00,-478.015080E-03
-1.605500E-03,-1.487437170E+00,-277.010053E-03
-1.603000E-03,-1.487437170E+00,-76.005027E-03
-1.600500E-03,-1.527638175E+00,-76.005027E-03
-1.598000E-03,-1.527638175E+00,-277.010053E-03
-1.595500E-03,-1.527638175E+00,-277.010053E-03
-1.593000E-03,-1.527638175E+00,-277.010053E-03
-1.590500E-03,-1.527638175E+00,-478.015080E-03
-1.588000E-03,-1.487437170E+00,-277.010053E-03
-1.585500E-03,-1.527638175E+00,-277.010053E-03
-1.583000E-03,-1.567839179E+00,-76.005027E-03
-1.580500E-03,-1.527638175E+00,-76.005027E-03
-1.578000E-03,-1.567839179E+00,-277.010053E-03
-1.575500E-03,-1.567839179E+00,-76.005027E-03
-1.573000E-03,-1.527638175E+00,-76.005027E-03
-1.570500E-03,-1.527638175E+00,-277.010053E-03
-1.568000E-03,-1.527638175E+00,-277.010053E-03
-1.565500E-03,-1.567839179E+00,-277.010053E-03
-1.563000E-03,-1.567839179E+00,-277.010053E-03
-1.560500E-03,-1.527638175E+00,-277.010053E-03
-1.558000E-03,-1.567839179E+00,-76.005027E-03
-1.555500E-03,-1.567839179E+00,-277.010053E-03
-1.553000E-03,-1.567839179E+00,-76.005027E-03
-1.550500E-03,-1.608040184E+00,-277.010053E-03
-1.548000E-03,-1.608040184E+00,-277.010053E-03
-1.545500E-03,-1.567839179E+00,-277.010053E-03
-1.543000E-03,-1.608040184E+00,-277.010053E-03
-1.540500E-03,-1.608040184E+00,-76.005027E-03
-1.538000E-03,-1.608040184E+00,-76.005027E-03
-1.535500E-03,-1.608040184E+00,-76.005027E-03
-1.533000E-03,-1.567839179E+00,-76.005027E-03
-1.530500E-03,-1.608040184E+00,-76.005027E-03
-1.528000E-03,-1.608040184E+00,-76.005027E-03
-1.525500E-03,-1.567839179E+00,-277.010053E-03
-1.523000E-03,-1.608040184E+00,-277.010053E-03
-1.520500E-03,-1.608040184E+00,-76.005027E-03
-1.518000E-03,-1.608040184E+00,-277.010053E-03
-1.515500E-03,-1.608040184E+00,-277.010053E-03
-1.513000E-03,-1.608040184E+00,-76.005027E-03
-1.510500E-03,-1.567839179E+00,-76.005027E-03
-1.508000E-03,-1.608040184E+00,-277.010053E-03
-1.505500E-03,-1.608040184E+00,-76.005027E-03
-1.503000E-03,-1.608040184E+00,-76.005027E-03
-1.500500E-03,-1.648241188E+00,-277.010053E-03
-1.498000E-03,-1.608040184E+00,-76.005027E-03
-1.495500E-03,-1.608040184E+00,-277.010053E-03
-1.493000E-03,-1.608040184E+00,-277.010053E-03
-1.490500E-03,-1.608040184E+00,-277.010053E-03
-1.488000E-03,-1.567839179E+00,-76.005027E-03
-1.485500E-03,-1.648241188E+00,-76.005027E-03
-1.483000E-03,-1.648241188E+00,-76.005027E-03
-1.480500E-03,-1.608040184E+00,-76.005027E-03
-1.478000E-03,-1.648241188E+00,-76.005027E-03
-1.475500E-03,-1.608040184E+00,-277.010053E-03
-1.473000E-03,-1.608040184E+00,-76.005027E-03
-1.470500E-03,-1.648241188E+00,+125.000000E-03
-1.468000E-03,-1.648241188E+00,-76.005027E-03
-1.465500E-03,-1.608040184E+00,-76.005027E-03
-1.463000E-03,-1.608040184E+00,-76.005027E-03
-1.460500E-03,-1.608040184E+00,-76.005027E-03
-1.458000E-03,-1.608040184E+00,-76.005027E-03
-1.455500E-03,-1.608040184E+00,-76.005027E-03
-1.453000E-03,-1.648241188E+00,-76.005027E-03
-1.450500E-03,-1.648241188E+00,+125.000000E-03
-1.448000E-03,-1.648241188E+00,-76.005027E-03
-1.445500E-03,-1.688442193E+00,-76.005027E-03
-1.443000E-03,-1.648241188E+00,-76.005027E-03
-1.440500E-03,-1.648241188E+00,+125.000000E-03
-1.438000E-03,-1.608040184E+00,-76.005027E-03
-1.435500E-03,-1.608040184E+00,-76.005027E-03
-1.433000E-03,-1.608040184E+00,-76.005027E-03
-1.430500E-03,-1.608040184E+00,-76.005027E-03
-1.428000E-03,-1.608040184E+00,+125.000000E-03
-1.425500E-03,-1.648241188E+00,-76.005027E-03
-1.423000E-03,-1.648241188E+00,-76.005027E-03
-1.420500E-03,-1.648241188E+00,-76.005027E-03
-1.418000E-03,-1.608040184E+00,-76.005027E-03
-1.415500E-03,-1.648241188E+00,+125.000000E-03
-1.413000E-03,-1.648241188E+00,-76.005027E-03
-1.410500E-03,-1.648241188E+00,-76.005027E-03
-1.408000E-03,-1.648241188E+00,-76.005027E-03
-1.405500E-03,-1.648241188E+00,-76.005027E-03
-1.403000E-03,-1.648241188E+00,-277.010053E-03
-1.400500E-03,-1.648241188E+00,-76.005027E-03
-1.398000E-03,-1.608040184E+00,-76.005027E-03
-1.395500E-03,-1.608040184E+00,-76.005027E-03
-1.393000E-03,-1.648241188E+00,-76.005027E-03
-1.390500E-03,-1.648241188E+00,-76.005027E-03
-1.388000E-03,-1.648241188E+00,-76.005027E-03
-1.385500E-03,-1.648241188E+00,-76.005027E-03
-1.383000E-03,-1.648241188E+00,+125.000000E-03
-1.380500E-03,-1.688442193E+00,-76.005027E-03
-1.378000E-03,-1.648241188E+00,-76.005027E-03
-1.375500E-03,-1.648241188E+00,-76.005027E-03
-1.373000E-03,-1.688442193E+00,-76.005027E-03
-1.370500E-03,-1.688442193E+00,-76.005027E-03
-1.368000E-03,-1.688442193E+00,-76.005027E-03
-1.365500E-03,-1.648241188E+00,-76.005027E-03
-1.363000E-03,-1.688442193E+00,+125.000000E-03
-1.360500E-03,-1.688442193E+00,-76.005027E-03
-1.358000E-03,-1.648241188E+00,+125.000000E-03
-1.355500E-03,-1.648241188E+00,+125.000000E-03
-1.353000E-03,-1.688442193E+00,-76.005027E-03
-1.350500E-03,-1.648241188E+00,-76.005027E-03
-1.348000E-03,-1.648241188E+00,-76.005027E-03
-1.345500E-03,-1.688442193E+00,-76.005027E-03
-1.343000E-03,-1.608040184E+00,+125.000000E-03
-1.340500E-03,-1.648241188E+00,-76.005027E-03
-1.338000E-03,-1.688442193E+00,-76.005027E-03
-1.335500E-03,-1.648241188E+00,-76.005027E-03
-1.333000E-03,-1.648241188E+00,+125.000000E-03
-1.330500E-03,-1.688442193E+00,-76.005027E-03
-1.328000E-03,-1.608040184E+00,-76.005027E-03
-1.325500E-03,-1.688442193E+00,+125.000000E-03
-1.323000E-03,-1.648241188E+00,-76.005027E-03
-1.320500E-03,-1.648241188E+00,+125.000000E-03
-1.318000E-03,-1.648241188E+00,-76.005027E-03
-1.315500E-03,-1.688442193E+00,+125.000000E-03
-1.313000E-03,-1.648241188E+00,+125.000000E-03
-1.310500E-03,-1.648241188E+00,-76.005027E-03
-1.308000E-03,-1.648241188E+00,-76.005027E-03
-1.305500E-03,-1.688442193E+00,-76.005027E-03
-1.303000E-03,-1.648241188E+00,-76.005027E-03
-1.300500E-03,-1.648241188E+00,-76.005027E-03
-1.298000E-03,-1.688442193E+00,-76.005027E-03
-1.295500E-03,-1.688442193E+00,-76.005027E-03
-1.293000E-03,-1.648241188E+00,-76.005027E-03
-1.290500E-03,-1.688442193E+00,-76.005027E-03
-1.288000E-03,-1.688442193E+00,-76.005027E-03
-1.285500E-03,-1.688442193E+00,+125.000000E-03
-1.283000E-03,-1.648241188E+00,-76.005027E-03
-1.280500E-03,-1.688442193E+00,-76.005027E-03
-1.278000E-03,-1.648241188E+00,-76.005027E-03
-1.275500E-03,-1.688442193E+00,-76.005027E-03
-1.273000E-03,-1.688442193E+00,-76.005027E-03
-1.270500E-03,-1.688442193E+00,-76.005027E-03
-1.268000E-03,-1.688442193E+00,+125.000000E-03
-1.265500E-03,-1.648241188E+00,+125.000000E-03
-1.263000E-03,-1.688442193E+00,-76.005027E-03
-1.260500E-03,-1.688442193E+00,-76.005027E-03
-1.258000E-03,-1.688442193E+00,+125.000000E-03
-1.255500E-03,-1.688442193E+00,+125.000000E-03
-1.253000E-03,-1.648241188E+00,-76.005027E-03
-1.250500E-03,-1.648241188E+00,-76.005027E-03
-1.248000E-03,-1.688442193E+00,-277.010053E-03
-1.245500E-03,-1.648241188E+00,-76.005027E-03
-1.243000E-03,-1.688442193E+00,-76.005027E-03
-1.240500E-03,-1.688442193E+00,-76.005027E-03
-1.238000E-03,-1.688442193E+00,-76.005027E-03
-1.235500E-03,-1.688442193E+00,-76.005027E-03
-1.233000E-03,-1.648241188E+00,-76.005027E-03
-1.230500E-03,-1.688442193E+00,-76.005027E-03
-1.228000E-03,-1.688442193E+00,-76.005027E-03
-1.225500E-03,-1.688442193E+00,-76.005027E-03
-1.223000E-03,-1.688442193E+00,-76.005027E-03
-1.220500E-03,-1.688442193E+00,+125.000000E-03
-1.218000E-03,-1.648241188E+00,-76.005027E-03
-1.215500E-03,-1.688442193E+00,+125.000000E-03
-1.213000E-03,-1.688442193E+00,+125.000000E-03
-1.210500E-03,-1.688442193E+00,-76.005027E-03
-1.208000E-03,-1.688442193E+00,+125.000000E-03
-1.205500E-03,-1.648241188E+00,-76.005027E-03
-1.203000E-03,-1.648241188E+00,+125.000000E-03
-1.200500E-03,-1.648241188E+00,-76.005027E-03
-1.198000E-03,-1.688442193E+00,+125.000000E-03
-1.195500E-03,-1.688442193E+00,-76.005027E-03
-1.193000E-03,-1.688442193E+00,+125.000000E-03
-1.190500E-03,-1.688442193E+00,-76.005027E-03
-1.188000E-03,-1.688442193E+00,-76.005027E-03
-1.185500E-03,-1.648241188E+00,-76.005027E-03
-1.183000E-03,-1.688442193E+00,-76.005027E-03
-1.180500E-03,-1.688442193E+00,+125.000000E-03
-1.178000E-03,-1.648241188E+00,-76.005027E-03
-1.175500E-03,-1.688442193E+00,+125.000000E-03
-1.173000E-03,-1.688442193E+00,+125.000000E-03
-1.170500E-03,-1.688442193E+00,-76.005027E-03
-1.168000E-03,-1.688442193E+00,-76.005027E-03
-1.165500E-03,-1.688442193E+00,+125.000000E-03
-1.163000E-03,-1.648241188E+00,-76.005027E-03
-1.160500E-03,-1.728643198E+00,-76.005027E-03
-1.158000E-03,-1.688442193E+00,-76.005027E-03
-1.155500E-03,-1.688442193E+00,+125.000000E-03
-1.153000E-03,-1.688442193E+00,-76.005027E-03
-1.150500E-03,-1.688442193E+00,-76.005027E-03
-1.148000E-03,-1.688442193E+00,-76.005027E-03
-1.145500E-03,-1.688442193E+00,+125.000000E-03
-1.143000E-03,-1.688442193E+00,-76.005027E-03
-1.140500E-03,-1.688442193E+00,+125.000000E-03
-1.138000E-03,-1.688442193E+00,-76.005027E-03
-1.135500E-03,-1.688442193E+00,-76.005027E-03
-1.133000E-03,-1.688442193E+00,+125.000000E-03
-1.130500E-03,-1.688442193E+00,-76.005027E-03
-1.128000E-03,-1.688442193E+00,+125.000000E-03
-1.125500E-03,-1.688442193E+00,-76.005027E-03
-1.123000E-03,-1.688442193E+00,-76.005027E-03
-1.120500E-03,-1.688442193E+00,-76.005027E-03
-1.118000E-03,-1.688442193E+00,+125.000000E-03
-1.115500E-03,-1.648241188E+00,+125.000000E-03
-1.113000E-03,-1.648241188E+00,+125.000000E-03
-1.110500E-03,-1.688442193E+00,-76.005027E-03
-1.108000E-03,-1.648241188E+00,+125.000000E-03
-1.105500E-03,-1.688442193E+00,+125.000000E-03
-1.103000E-03,-1.688442193E+00,-76.005027E-03
-1.100500E-03,-1.648241188E+00,-76.005027E-03
-1.098000E-03,-1.688442193E+00,+125.000000E-03
-1.095500E-03,-1.688442193E+00,-76.005027E-03
-1.093000E-03,-1.688442193E+00,-76.005027E-03
-1.090500E-03,-1.688442193E+00,-76.005027E-03
-1.088000E-03,-1.688442193E+00,+125.000000E-03
-1.085500E-03,-1.688442193E+00,-76.005027E-03
-1.083000E-03,-1.648241188E+00,-76.005027E-03
-1.080500E-03,-1.648241188E+00,-76.005027E-03
-1.078000E-03,-1.688442193E+00,-76.005027E-03
-1.075500E-03,-1.688442193E+00,-76.005027E-03
-1.073000E-03,-1.688442193E+00,-76.005027E-03
-1.070500E-03,-1.648241188E+00,+125.000000E-03
-1.068000E-03,-1.688442193E+00,-76.005027E-03
-1.065500E-03,-1.688442193E+00,-76.005027E-03
-1.063000E-03,-1.648241188E+00,-76.005027E-03
-1.060500E-03,-1.648241188E+00,-76.005027E-03
-1.058000E-03,-1.688442193E+00,-277.010053E-03
-1.055500E-03,-1.688442193E+00,+125.000000E-03
-1.053000E-03,-1.688442193E+00,-76.005027E-03
-1.050500E-03,-1.688442193E+00,-76.005027E-03
-1.048000E-03,-1.688442193E+00,-76.005027E-03
-1.045500E-03,-1.688442193E+00,+125.000000E-03
-1.043000E-03,-1.688442193E+00,-76.005027E-03
-1.040500E-03,-1.648241188E+00,-76.005027E-03
-1.038000E-03,-1.688442193E+00,-76.005027E-03
-1.035500E-03,-1.688442193E+00,+125.000000E-03
-1.033000E-03,-1.648241188E+00,+125.000000E-03
-1.030500E-03,-1.688442193E+00,-76.005027E-03
-1.028000E-03,-1.688442193E+00,-76.005027E-03
-1.025500E-03,-1.688442193E+00,-76.005027E-03
-1.023000E-03,-1.648241188E+00,-76.005027E-03
-1.020500E-03,-1.688442193E+00,-76.005027E-03
-1.018000E-03,-1.688442193E+00,+125.000000E-03
-1.015500E-03,-1.688442193E+00,-76.005027E-03
-1.013000E-03,-1.688442193E+00,-76.005027E-03
-1.010500E-03,-1.608040184E+00,-76.005027E-03
-1.008000E-03,-1.648241188E+00,+125.000000E-03
-1.005500E-03,-1.688442193E+00,-76.005027E-03
-1.003000E-03,-1.688442193E+00,-76.005027E-03
-1.000500E-03,-1.688442193E+00,+125.000000E-03
-998.000E-06,-1.688442193E+00,-76.005027E-03
-995.500E-06,-1.688442193E+00,-76.005027E-03
-993.000E-06,-1.688442193E+00,-76.005027E-03
-990.500E-06,-1.608040184E+00,+929.020107E-03
-988.000E-06,-1.567839179E+00,+3.944095507E+00
-985.500E-06,-1.487437170E+00,+7.160175934E+00
-983.000E-06,-1.447236165E+00,+8.969221175E+00
-980.500E-06,-1.407035161E+00,+8.969221175E+00
-978.000E-06,-1.326633152E+00,+6.758165881E+00
-975.500E-06,-1.286432147E+00,+3.743090481E+00
-973.000E-06,-1.246231142E+00,+929.020107E-03
-970.500E-06,-1.165829133E+00,-277.010053E-03
-968.000E-06,-1.125628129E+00,+326.005027E-03
-965.500E-06,-1.085427124E+00,+2.738065347E+00
-963.000E-06,-1.045226119E+00,+5.351130694E+00
-960.500E-06,-964.824110E-03,+7.160175935E+00
-958.000E-06,-964.824110E-03,+7.562185988E+00
-955.500E-06,-884.422101E-03,+5.954145774E+00
-953.000E-06,-884.422101E-03,+3.341080427E+00
-950.500E-06,-804.020092E-03,+1.331030160E+00
-948.000E-06,-804.020092E-03,-76.005027E-03
-945.500E-06,-723.618083E-03,+527.010053E-03
-943.000E-06,-683.417078E-03,+2.135050267E+00
-940.500E-06,-643.216074E-03,+4.547110587E+00
-938.000E-06,-643.216073E-03,+5.954145774E+00
-935.500E-06,-562.814064E-03,+6.356155828E+00
-933.000E-06,-562.814064E-03,+5.150125667E+00
-930.500E-06,-522.613060E-03,+3.140075400E+00
-928.000E-06,-442.211051E-03,+1.130025134E+00
-925.500E-06,-442.211051E-03,+326.005027E-03
-923.000E-06,-402.010046E-03,+527.010053E-03
-920.500E-06,-321.608037E-03,+1.934045240E+00
-918.000E-06,-361.809041E-03,+3.743090480E+00
-915.500E-06,-281.407032E-03,+4.748115614E+00
-913.000E-06,-281.407032E-03,+5.351130694E+00
-910.500E-06,-241.206028E-03,+4.547110587E+00
-908.000E-06,-160.804018E-03,+2.939070374E+00
-905.500E-06,-160.804018E-03,+1.331030160E+00
-903.000E-06,-120.603014E-03,+527.010053E-03
-900.500E-06,-120.603014E-03,+527.010054E-03
-898.000E-06,-80.402009E-03,+1.532035187E+00
-895.500E-06,-40.201005E-03,+2.738065347E+00
-893.000E-06,+0.0E+00,+4.145100534E+00
-890.500E-06,+40.201005E-03,+4.547110587E+00
-888.000E-06,+40.201005E-03,+3.743090481E+00
-885.500E-06,+80.402009E-03,+2.537060321E+00
-883.000E-06,+80.402009E-03,+1.331030160E+00
-880.500E-06,+120.603014E-03,+728.015080E-03
-878.000E-06,+160.804018E-03,+728.015080E-03
-875.500E-06,+201.005023E-03,+1.532035187E+00
-873.000E-06,+160.804018E-03,+2.537060320E+00
-870.500E-06,+241.206028E-03,+3.341080427E+00
-868.000E-06,+241.206028E-03,+3.743090481E+00
-865.500E-06,+281.407032E-03,+3.341080427E+00
-863.000E-06,+321.608037E-03,+2.336055294E+00
-860.500E-06,+321.608037E-03,+1.331030160E+00
-858.000E-06,+361.809041E-03,+527.010054E-03
-855.500E-06,+402.010046E-03,+728.015080E-03
-853.000E-06,+442.211051E-03,+1.130025134E+00
-850.500E-06,+402.010046E-03,+2.135050267E+00
-848.000E-06,+442.211051E-03,+2.738065347E+00
-845.500E-06,+482.412055E-03,+3.140075400E+00
-843.000E-06,+482.412055E-03,+2.939070374E+00
-840.500E-06,+482.412055E-03,+2.135050267E+00
-838.000E-06,+522.613060E-03,+1.331030160E+00
-835.500E-06,+562.814064E-03,+728.015080E-03
-833.000E-06,+562.814064E-03,+728.015080E-03
-830.500E-06,+603.015069E-03,+929.020107E-03
-828.000E-06,+603.015069E-03,+1.733040213E+00
-825.500E-06,+643.216074E-03,+2.336055294E+00
-823.000E-06,+603.015069E-03,+2.738065347E+00
-820.500E-06,+683.417078E-03,+2.537060320E+00
-818.000E-06,+723.618083E-03,+1.934045240E+00
-815.500E-06,+683.417078E-03,+1.130025134E+00
-813.000E-06,+723.618083E-03,+728.015080E-03
-810.500E-06,+763.819087E-03,+527.010054E-03
-808.000E-06,+804.020092E-03,+929.020107E-03
-805.500E-06,+763.819087E-03,+1.331030160E+00
-803.000E-06,+804.020092E-03,+1.934045240E+00
-800.500E-06,+804.020092E-03,+2.135050267E+00
-798.000E-06,+804.020092E-03,+2.135050267E+00
-795.500E-06,+884.422101E-03,+1.733040213E+00
-793.000E-06,+924.623106E-03,+1.130025134E+00
-790.500E-06,+884.422101E-03,+728.015080E-03
-788.000E-06,+924.623106E-03,+527.010054E-03
-785.500E-06,+924.623106E-03,+929.020107E-03
-783.000E-06,+964.824110E-03,+1.130025133E+00
-780.500E-06,+924.623106E-03,+1.532035187E+00
-778.000E-06,+964.824110E-03,+1.733040214E+00
-775.500E-06,+964.824110E-03,+1.733040214E+00
-773.000E-06,+964.824110E-03,+1.532035187E+00
-770.500E-06,+964.824110E-03,+929.020107E-03
-768.000E-06,+1.005025115E+00,+728.015080E-03
-765.500E-06,+1.045226119E+00,+728.015080E-03
-763.000E-06,+1.005025115E+00,+527.010053E-03
-760.500E-06,+1.085427124E+00,+1.130025133E+00
-758.000E-06,+1.045226119E+00,+1.130025134E+00
-755.500E-06,+1.045226120E+00,+1.532035187E+00
-753.000E-06,+1.085427124E+00,+1.532035187E+00
-750.500E-06,+1.085427124E+00,+1.331030160E+00
-748.000E-06,+1.125628129E+00,+929.020107E-03
-745.500E-06,+1.125628129E+00,+728.015080E-03
-743.000E-06,+1.165829133E+00,+527.010053E-03
-740.500E-06,+1.125628129E+00,+728.015080E-03
-738.000E-06,+1.165829133E+00,+728.015080E-03
-735.500E-06,+1.165829133E+00,+1.130025133E+00
-733.000E-06,+1.206030138E+00,+1.130025134E+00
-730.500E-06,+1.206030138E+00,+1.331030160E+00
-728.000E-06,+1.206030138E+00,+929.020107E-03
-725.500E-06,+1.246231142E+00,+728.015080E-03
-723.000E-06,+1.246231142E+00,+527.010053E-03
-720.500E-06,+1.246231142E+00,+326.005027E-03
-718.000E-06,+1.246231142E+00,+527.010053E-03
-715.500E-06,+1.286432147E+00,+527.010054E-03
-713.000E-06,+1.286432147E+00,+728.015080E-03
-710.500E-06,+1.246231142E+00,+1.130025133E+00
-708.000E-06,+1.246231142E+00,+1.130025133E+00
-705.500E-06,+1.286432147E+00,+929.020107E-03
-703.000E-06,+1.326633152E+00,+527.010054E-03
-700.500E-06,+1.326633152E+00,+326.005027E-03
-698.000E-06,+1.286432147E+00,+326.005027E-03
-695.500E-06,+1.326633152E+00,+527.010053E-03
-693.000E-06,+1.326633152E+00,+527.010053E-03
-690.500E-06,+1.326633152E+00,+728.015080E-03
-688.000E-06,+1.366834156E+00,+929.020107E-03
-685.500E-06,+1.366834156E+00,+728.015080E-03
-683.000E-06,+1.366834156E+00,+728.015080E-03
-680.500E-06,+1.366834156E+00,+728.015080E-03
-678.000E-06,+1.366834156E+00,+326.005027E-03
-675.500E-06,+1.407035161E+00,+326.005027E-03
-673.000E-06,+1.447236165E+00,+527.010053E-03
-670.500E-06,+1.407035161E+00,+527.010053E-03
-668.000E-06,+1.407035161E+00,+527.010053E-03
-665.500E-06,+1.407035161E+00,+728.015080E-03
-663.000E-06,+1.407035161E+00,+527.010054E-03
-660.500E-06,+1.447236165E+00,+728.015080E-03
-658.000E-06,+1.447236165E+00,+527.010053E-03
-655.500E-06,+1.407035161E+00,+326.005027E-03
-653.000E-06,+1.447236165E+00,+326.005027E-03
-650.500E-06,+1.487437170E+00,+326.005027E-03
-648.000E-06,+1.447236165E+00,+527.010053E-03
-645.500E-06,+1.487437170E+00,+527.010053E-03
-643.000E-06,+1.447236165E+00,+326.005027E-03
-640.500E-06,+1.487437170E+00,+326.005027E-03
-638.000E-06,+1.487437170E+00,+326.005027E-03
-635.500E-06,+1.487437170E+00,+326.005027E-03
-633.000E-06,+1.487437170E+00,+326.005027E-03
-630.500E-06,+1.487437170E+00,+326.005027E-03
-628.000E-06,+1.527638175E+00,+125.000000E-03
-625.500E-06,+1.527638175E+00,+125.000000E-03
-623.000E-06,+1.447236165E+00,+326.005027E-03
-620.500E-06,+1.527638175E+00,+527.010053E-03
-618.000E-06,+1.527638175E+00,+527.010053E-03
-615.500E-06,+1.487437170E+00,+527.010053E-03
-613.000E-06,+1.567839179E+00,+125.000000E-03
-610.500E-06,+1.487437170E+00,+326.005027E-03
-608.000E-06,+1.567839179E+00,+125.000000E-03
-605.500E-06,+1.527638175E+00,+326.005027E-03
-603.000E-06,+1.527638175E+00,+326.005027E-03
-600.500E-06,+1.527638175E+00,+326.005027E-03
-598.000E-06,+1.527638175E+00,+326.005027E-03
-595.500E-06,+1.567839179E+00,+326.005027E-03
-593.000E-06,+1.567839179E+00,+326.005027E-03
-590.500E-06,+1.567839179E+00,+326.005027E-03
-588.000E-06,+1.567839179E+00,+326.005027E-03
-585.500E-06,+1.567839179E+00,+125.000000E-03
-583.000E-06,+1.567839179E+00,-76.005026E-03
-580.500E-06,+1.567839179E+00,+125.000000E-03
-578.000E-06,+1.608040184E+00,+326.005027E-03
-575.500E-06,+1.567839179E+00,+125.000000E-03
-573.000E-06,+1.567839179E+00,+326.005027E-03
-570.500E-06,+1.567839179E+00,+326.005027E-03
-568.000E-06,+1.608040184E+00,+326.005027E-03
-565.500E-06,+1.567839179E+00,+125.000000E-03
-563.000E-06,+1.567839179E+00,+326.005027E-03
-560.500E-06,+1.648241188E+00,+125.000000E-03
-558.000E-06,+1.608040184E+00,+125.000000E-03
-555.500E-06,+1.608040184E+00,+125.000000E-03
-553.000E-06,+1.567839179E+00,+326.005027E-03
-550.500E-06,+1.608040184E+00,+326.005027E-03
-548.000E-06,+1.608040184E+00,+326.005027E-03
-545.500E-06,+1.567839179E+00,+326.005027E-03
-543.000E-06,+1.608040184E+00,+125.000000E-03
-540.500E-06,+1.608040184E+00,+125.000000E-03
-538.000E-06,+1.608040184E+00,+125.000000E-03
-535.500E-06,+1.648241188E+00,+125.000000E-03
-533.000E-06,+1.648241188E+00,+326.005027E-03
-530.500E-06,+1.648241188E+00,+125.000000E-03
-528.000E-06,+1.608040184E+00,+326.005027E-03
-525.500E-06,+1.608040184E+00,+326.005027E-03
-523.000E-06,+1.648241188E+00,+326.005027E-03
-520.500E-06,+1.608040184E+00,+125.000000E-03
-518.000E-06,+1.648241188E+00,+125.000000E-03
-515.500E-06,+1.648241188E+00,+125.000000E-03
-513.000E-06,+1.648241188E+00,+125.000000E-03
-510.500E-06,+1.648241188E+00,+125.000000E-03
-508.000E-06,+1.648241188E+00,+125.000000E-03
-505.500E-06,+1.648241188E+00,+326.005027E-03
-503.000E-06,+1.648241188E+00,+125.000000E-03
-500.500E-06,+1.648241188E+00,+326.005027E-03
-498.000E-06,+1.648241188E+00,+125.000000E-03
-495.500E-06,+1.648241188E+00,+125.000000E-03
-493.000E-06,+1.648241188E+00,+125.000000E-03
-490.500E-06,+1.648241188E+00,+326.005027E-03
-488.000E-06,+1.648241188E+00,+125.000000E-03
-485.500E-06,+1.688442193E+00,+125.000000E-03
-483.000E-06,+1.688442193E+00,+125.000000E-03
-480.500E-06,+1.648241188E+00,+125.000000E-03
-478.000E-06,+1.648241188E+00,+125.000000E-03
-475.500E-06,+1.648241188E+00,+125.000000E-03
-473.000E-06,+1.688442193E+00,+125.000000E-03
-470.500E-06,+1.688442193E+00,+125.000000E-03
-468.000E-06,+1.648241188E+00,+125.000000E-03
-465.500E-06,+1.688442193E+00,+125.000000E-03
-463.000E-06,+1.688442193E+00,+125.000000E-03
-460.500E-06,+1.648241188E+00,+125.000000E-03
-458.000E-06,+1.648241188E+00,+125.000000E-03
-455.500E-06,+1.648241188E+00,+125.000000E-03
-453.000E-06,+1.648241188E+00,+125.000000E-03
-450.500E-06,+1.688442193E+00,+125.000000E-03
-448.000E-06,+1.728643198E+00,-76.005027E-03
-445.500E-06,+1.688442193E+00,+125.000000E-03
-443.000E-06,+1.688442193E+00,-76.005027E-03
-440.500E-06,+1.688442193E+00,+125.000000E-03
-438.000E-06,+1.688442193E+00,+125.000000E-03
-435.500E-06,+1.688442193E+00,+125.000000E-03
-433.000E-06,+1.688442193E+00,+125.000000E-03
-430.500E-06,+1.688442193E+00,+125.000000E-03
-428.000E-06,+1.728643198E+00,+125.000000E-03
-425.500E-06,+1.688442193E+00,+125.000000E-03
-423.000E-06,+1.688442193E+00,+125.000000E-03
-420.500E-06,+1.688442193E+00,-76.005027E-03
-418.000E-06,+1.688442193E+00,-76.005027E-03
-415.500E-06,+1.728643198E+00,-76.005027E-03
-413.000E-06,+1.728643198E+00,+125.000000E-03
-410.500E-06,+1.688442193E+00,-76.005027E-03
-408.000E-06,+1.688442193E+00,+125.000000E-03
-405.500E-06,+1.688442193E+00,+125.000000E-03
-403.000E-06,+1.728643198E+00,-76.005027E-03
-400.500E-06,+1.688442193E+00,-76.005027E-03
-398.000E-06,+1.688442193E+00,+125.000000E-03
-395.500E-06,+1.688442193E+00,-76.005027E-03
-393.000E-06,+1.688442193E+00,-76.005027E-03
-390.500E-06,+1.728643198E+00,+125.000000E-03
-388.000E-06,+1.728643198E+00,-76.005027E-03
-385.500E-06,+1.688442193E+00,+125.000000E-03
-383.000E-06,+1.688442193E+00,-76.005027E-03
-380.500E-06,+1.768844202E+00,+125.000000E-03
-378.000E-06,+1.688442193E+00,+125.000000E-03
-375.500E-06,+1.688442193E+00,+125.000000E-03
-373.000E-06,+1.728643198E+00,+125.000000E-03
-370.500E-06,+1.688442193E+00,+125.000000E-03
-368.000E-06,+1.728643198E+00,+125.000000E-03
-365.500E-06,+1.688442193E+00,+125.000000E-03
-363.000E-06,+1.728643198E+00,+125.000000E-03
-360.500E-06,+1.728643198E+00,+125.000000E-03
-358.000E-06,+1.688442193E+00,-76.005027E-03
-355.500E-06,+1.728643198E+00,-76.005027E-03
-353.000E-06,+1.728643198E+00,-76.005027E-03
-350.500E-06,+1.688442193E+00,-76.005027E-03
-348.000E-06,+1.728643198E+00,-76.005027E-03
-345.500E-06,+1.728643198E+00,+125.000000E-03
-343.000E-06,+1.688442193E+00,+326.005027E-03
-340.500E-06,+1.728643198E+00,+125.000000E-03
-338.000E-06,+1.728643198E+00,-76.005027E-03
-335.500E-06,+1.768844202E+00,+125.000000E-03
-333.000E-06,+1.728643198E+00,-76.005027E-03
-330.500E-06,+1.728643198E+00,-76.005027E-03
-328.000E-06,+1.688442193E+00,-76.005027E-03
-325.500E-06,+1.728643198E+00,+125.000000E-03
-323.000E-06,+1.688442193E+00,+125.000000E-03
-320.500E-06,+1.728643198E+00,+125.000000E-03
-318.000E-06,+1.728643198E+00,+125.000000E-03
-315.500E-06,+1.728643198E+00,+125.000000E-03
-313.000E-06,+1.728643198E+00,+125.000000E-03
-310.500E-06,+1.688442193E+00,-76.005027E-03
-308.000E-06,+1.728643198E+00,-76.005027E-03
-305.500E-06,+1.728643198E+00,-76.005027E-03
-303.000E-06,+1.728643198E+00,-76.005027E-03
-300.500E-06,+1.768844202E+00,-76.005027E-03
-298.000E-06,+1.728643198E+00,-76.005027E-03
-295.500E-06,+1.728643198E+00,-76.005027E-03
-293.000E-06,+1.728643198E+00,-76.005027E-03
-290.500E-06,+1.728643198E+00,-76.005027E-03
-288.000E-06,+1.728643198E+00,-76.005027E-03
-285.500E-06,+1.728643198E+00,-76.005027E-03
-283.000E-06,+1.728643198E+00,-76.005027E-03
-280.500E-06,+1.728643198E+00,-76.005027E-03
-278.000E-06,+1.728643198E+00,+125.000000E-03
-275.500E-06,+1.728643198E+00,+125.000000E-03
-273.000E-06,+1.688442193E+00,+125.000000E-03
-270.500E-06,+1.728643198E+00,+125.000000E-03
-268.000E-06,+1.728643198E+00,-76.005027E-03
-265.500E-06,+1.728643198E+00,-76.005027E-03
-263.000E-06,+1.688442193E+00,+125.000000E-03
-260.500E-06,+1.728643198E+00,-76.005027E-03
-258.000E-06,+1.728643198E+00,+125.000000E-03
-255.500E-06,+1.728643198E+00,-76.005027E-03
-253.000E-06,+1.728643198E+00,-76.005027E-03
-250.500E-06,+1.728643198E+00,-76.005027E-03
-248.000E-06,+1.728643198E+00,-76.005027E-03
-245.500E-06,+1.728643198E+00,-76.005027E-03
-243.000E-06,+1.728643198E+00,-76.005027E-03
-240.500E-06,+1.728643198E+00,-76.005027E-03
-238.000E-06,+1.728643198E+00,+125.000000E-03
-235.500E-06,+1.728643198E+00,+125.000000E-03
-233.000E-06,+1.768844202E+00,-76.005027E-03
-230.500E-06,+1.728643198E+00,-76.005027E-03
-228.000E-06,+1.768844202E+00,-76.005027E-03
-225.500E-06,+1.728643198E+00,+125.000000E-03
-223.000E-06,+1.728643198E+00,+125.000000E-03
-220.500E-06,+1.728643198E+00,+125.000000E-03
-218.000E-06,+1.728643198E+00,+125.000000E-03
-215.500E-06,+1.728643198E+00,-76.005027E-03
-213.000E-06,+1.728643198E+00,-76.005027E-03
-210.500E-06,+1.728643198E+00,-76.005027E-03
-208.000E-06,+1.728643198E+00,-76.005027E-03
-205.500E-06,+1.728643198E+00,-76.005027E-03
-203.000E-06,+1.728643198E+00,-76.005027E-03
-200.500E-06,+1.728643198E+00,+125.000000E-03
-198.000E-06,+1.728643198E+00,-76.005027E-03
-195.500E-06,+1.768844202E+00,+125.000000E-03
-193.000E-06,+1.728643198E+00,+125.000000E-03
-190.500E-06,+1.768844202E+00,-76.005027E-03
-188.000E-06,+1.728643198E+00,+125.000000E-03
-185.500E-06,+1.728643198E+00,+125.000000E-03
-183.000E-06,+1.728643198E+00,+125.000000E-03
-180.500E-06,+1.728643198E+00,-76.005027E-03
-178.000E-06,+1.728643198E+00,+125.000000E-03
-175.500E-06,+1.728643198E+00,+125.000000E-03
-173.000E-06,+1.768844202E+00,-76.005027E-03
-170.500E-06,+1.768844202E+00,-76.005027E-03
-168.000E-06,+1.768844202E+00,+125.000000E-03
-165.500E-06,+1.768844202E+00,-76.005027E-03
-163.000E-06,+1.768844202E+00,-76.005027E-03
-160.500E-06,+1.768844202E+00,+125.000000E-03
-158.000E-06,+1.728643198E+00,+125.000000E-03
-155.500E-06,+1.768844202E+00,-76.005027E-03
-153.000E-06,+1.768844202E+00,-76.005027E-03
-150.500E-06,+1.728643198E+00,-76.005027E-03
-148.000E-06,+1.728643198E+00,+125.000000E-03
-145.500E-06,+1.728643198E+00,+125.000000E-03
-143.000E-06,+1.728643198E+00,-76.005027E-03
-140.500E-06,+1.728643198E+00,+125.000000E-03
-138.000E-06,+1.728643198E+00,+125.000000E-03
-135.500E-06,+1.728643198E+00,+125.000000E-03
-133.000E-06,+1.768844202E+00,+125.000000E-03
-130.500E-06,+1.728643198E+00,-76.005027E-03
-128.000E-06,+1.728643198E+00,-76.005027E-03
-125.500E-06,+1.728643198E+00,+125.000000E-03
-123.000E-06,+1.768844202E+00,-76.005027E-03
-120.500E-06,+1.728643198E+00,-76.005027E-03
-118.000E-06,+1.768844202E+00,-76.005027E-03
-115.500E-06,+1.728643198E+00,-76.005027E-03
-113.000E-06,+1.768844202E+00,+125.000000E-03
-110.500E-06,+1.688442193E+00,-76.005027E-03
-108.000E-06,+1.728643198E+00,+125.000000E-03
-105.500E-06,+1.728643198E+00,-76.005027E-03
-103.000E-06,+1.768844202E+00,-76.005027E-03
-100.500E-06,+1.728643198E+00,-76.005027E-03
-98.000E-06,+1.728643198E+00,+125.000000E-03
-95.500E-06,+1.728643198E+00,-76.005027E-03
-93.000E-06,+1.728643198E+00,+125.000000E-03
-90.500E-06,+1.768844202E+00,-76.005027E-03
-88.000E-06,+1.728643198E+00,-76.005027E-03
-85.500E-06,+1.728643198E+00,+125.000000E-03
-83.000E-06,+1.768844202E+00,-76.005027E-03
-80.500E-06,+1.728643198E+00,-76.005027E-03
-78.000E-06,+1.768844202E+00,+125.000000E-03
-75.500E-06,+1.728643198E+00,+125.000000E-03
-73.000E-06,+1.728643198E+00,+125.000000E-03
-70.500E-06,+1.728643198E+00,+125.000000E-03
-68.000E-06,+1.768844202E+00,-76.005027E-03
-65.500E-06,+1.728643198E+00,-76.005027E-03
-63.000E-06,+1.728643198E+00,+125.000000E-03
-60.500E-06,+1.728643198E+00,+125.000000E-03
-58.000E-06,+1.728643198E+00,+125.000000E-03
-55.500E-06,+1.768844202E+00,+125.000000E-03
-53.000E-06,+1.728643198E+00,-76.005027E-03
-50.500E-06,+1.728643198E+00,-76.005027E-03
-48.000E-06,+1.728643198E+00,-277.010053E-03
-45.500E-06,+1.768844202E+00,-76.005027E-03
-43.000E-06,+1.728643198E+00,+125.000000E-03
-40.500E-06,+1.728643198E+00,-76.005027E-03
-38.000E-06,+1.728643198E+00,+125.000000E-03
-35.500E-06,+1.728643198E+00,-76.005027E-03
-33.000E-06,+1.768844202E+00,+125.000000E-03
-30.500E-06,+1.728643198E+00,+125.000000E-03
-28.000E-06,+1.728643198E+00,-76.005027E-03
-25.500E-06,+1.768844202E+00,-76.005027E-03
-23.000E-06,+1.728643198E+00,+125.000000E-03
-20.500E-06,+1.768844202E+00,+125.000000E-03
-18.000E-06,+1.768844202E+00,+125.000000E-03
-15.500E-06,+1.728643198E+00,+125.000000E-03
-13.000E-06,+1.768844202E+00,-76.005027E-03
-10.500E-06,+1.768844202E+00,+125.000000E-03
-8.000E-06,+1.728643198E+00,+125.000000E-03
-5.500E-06,+1.728643198E+00,-76.005027E-03
-3.000E-06,+1.728643198E+00,-76.005027E-03
-500E-09,+1.728643198E+00,-76.005027E-03
+2.000E-06,+1.728643198E+00,-880.025133E-03
+4.500E-06,+1.648241188E+00,-3.694095507E+00
+7.000E-06,+1.527638175E+00,-7.111180961E+00
+9.500E-06,+1.487437170E+00,-9.322236255E+00
+12.000E-06,+1.487437170E+00,-9.322236255E+00
+14.500E-06,+1.366834156E+00,-7.111180961E+00
+17.000E-06,+1.366834156E+00,-3.895100534E+00
+19.500E-06,+1.326633152E+00,-1.081030160E+00
+22.000E-06,+1.246231142E+00,+326.005027E-03
+24.500E-06,+1.206030138E+00,-277.010053E-03
+27.000E-06,+1.125628129E+00,-2.689070374E+00
+29.500E-06,+1.085427124E+00,-5.503140747E+00
+32.000E-06,+1.045226119E+00,-7.312185988E+00
+34.500E-06,+1.005025115E+00,-7.714196041E+00
+37.000E-06,+964.824110E-03,-6.106155828E+00
+39.500E-06,+924.623106E-03,-3.493090481E+00
+42.000E-06,+844.221097E-03,-1.282035187E+00
+44.500E-06,+844.221096E-03,-76.005027E-03
+47.000E-06,+763.819087E-03,-478.015080E-03
+49.500E-06,+723.618083E-03,-2.287060320E+00
+52.000E-06,+723.618083E-03,-4.498115614E+00
+54.500E-06,+683.417078E-03,-5.905150801E+00
+57.000E-06,+643.216073E-03,-6.307160854E+00
+59.500E-06,+603.015069E-03,-5.302135721E+00
+62.000E-06,+562.814064E-03,-3.292085454E+00
+64.500E-06,+522.613060E-03,-1.483040214E+00
+67.000E-06,+482.412055E-03,-478.015080E-03
+69.500E-06,+442.211051E-03,-478.015080E-03
+72.000E-06,+402.010046E-03,-1.684045240E+00
+74.500E-06,+361.809041E-03,-3.694095507E+00
+77.000E-06,+321.608037E-03,-5.101130694E+00
+79.500E-06,+321.608037E-03,-5.302135721E+00
+82.000E-06,+241.206028E-03,-4.498115614E+00
+84.500E-06,+241.206028E-03,-3.292085454E+00
+87.000E-06,+201.005023E-03,-1.483040214E+00
+89.500E-06,+160.804018E-03,-478.015080E-03
+92.000E-06,+160.804018E-03,-478.015080E-03
+94.500E-06,+80.402009E-03,-1.483040214E+00
+97.000E-06,+40.201005E-03,-2.890075400E+00
+99.500E-06,+80.402009E-03,-4.096105561E+00
+102.000E-06,+40.201005E-03,-4.498115614E+00
+104.500E-06,-0.0E+00,-3.895100534E+00
+107.000E-06,-40.201005E-03,-2.890075400E+00
+109.500E-06,-40.201005E-03,-1.483040214E+00
+112.000E-06,-80.402009E-03,-679.020107E-03
+114.500E-06,-120.603014E-03,-478.015080E-03
+117.000E-06,-120.603014E-03,-1.282035187E+00
+119.500E-06,-160.804018E-03,-2.488065347E+00
+122.000E-06,-160.804018E-03,-3.292085454E+00
+124.500E-06,-241.206028E-03,-3.895100534E+00
+127.000E-06,-241.206028E-03,-3.493090480E+00
+129.500E-06,-241.206028E-03,-2.488065347E+00
+132.000E-06,-321.608037E-03,-1.282035187E+00
+134.500E-06,-321.608037E-03,-679.020107E-03
+137.000E-06,-361.809041E-03,-880.025133E-03
+139.500E-06,-321.608037E-03,-1.081030160E+00
+142.000E-06,-361.809041E-03,-2.086055294E+00
+144.500E-06,-402.010046E-03,-2.890075400E+00
+147.000E-06,-442.211051E-03,-3.091080427E+00
+149.500E-06,-442.211051E-03,-2.890075400E+00
+152.000E-06,-482.412055E-03,-2.287060320E+00
+154.500E-06,-522.613060E-03,-1.282035187E+00
+157.000E-06,-522.613060E-03,-880.025133E-03
+159.500E-06,-562.814064E-03,-679.020107E-03
+162.000E-06,-603.015069E-03,-1.081030160E+00
+164.500E-06,-603.015069E-03,-1.684045240E+00
+167.000E-06,-562.814064E-03,-2.287060320E+00
+169.500E-06,-643.216073E-03,-2.689070374E+00
+172.000E-06,-643.216074E-03,-2.488065347E+00
+174.500E-06,-643.216074E-03,-1.885050267E+00
+177.000E-06,-683.417078E-03,-1.282035187E+00
+179.500E-06,-683.417078E-03,-679.020107E-03
+182.000E-06,-723.618083E-03,-679.020107E-03
+184.500E-06,-723.618083E-03,-880.025133E-03
+187.000E-06,-763.819087E-03,-1.282035187E+00
+189.500E-06,-763.819087E-03,-1.885050267E+00
+192.000E-06,-763.819087E-03,-2.287060320E+00
+194.500E-06,-804.020092E-03,-2.086055294E+00
+197.000E-06,-844.221096E-03,-1.684045240E+00
+199.500E-06,-844.221096E-03,-1.081030160E+00
+202.000E-06,-844.221096E-03,-880.025133E-03
+204.500E-06,-884.422101E-03,-478.015080E-03
+207.000E-06,-884.422101E-03,-679.020107E-03
+209.500E-06,-924.623106E-03,-1.081030160E+00
+212.000E-06,-924.623106E-03,-1.483040214E+00
+214.500E-06,-924.623106E-03,-1.885050267E+00
+217.000E-06,-964.824110E-03,-1.684045240E+00
+219.500E-06,-964.824110E-03,-1.483040214E+00
+222.000E-06,-1.005025115E+00,-1.081030160E+00
+224.500E-06,-1.005025115E+00,-679.020107E-03
+227.000E-06,-1.005025115E+00,-478.015080E-03
+229.500E-06,-1.045226119E+00,-679.020107E-03
+232.000E-06,-1.045226119E+00,-1.081030160E+00
+234.500E-06,-1.045226119E+00,-1.282035187E+00
+237.000E-06,-1.045226119E+00,-1.483040214E+00
+239.500E-06,-1.085427124E+00,-1.483040213E+00
+242.000E-06,-1.045226119E+00,-1.483040213E+00
+244.500E-06,-1.125628129E+00,-880.025133E-03
+247.000E-06,-1.125628129E+00,-679.020107E-03
+249.500E-06,-1.165829133E+00,-478.015080E-03
+252.000E-06,-1.125628129E+00,-478.015080E-03
+254.500E-06,-1.165829133E+00,-679.020107E-03
+257.000E-06,-1.125628129E+00,-1.081030160E+00
+259.500E-06,-1.125628129E+00,-1.081030160E+00
+262.000E-06,-1.165829133E+00,-1.282035187E+00
+264.500E-06,-1.165829133E+00,-1.081030160E+00
+267.000E-06,-1.206030138E+00,-679.020107E-03
+269.500E-06,-1.206030138E+00,-478.015080E-03
+272.000E-06,-1.206030138E+00,-277.010054E-03
+274.500E-06,-1.206030138E+00,-478.015080E-03
+277.000E-06,-1.206030138E+00,-679.020107E-03
+279.500E-06,-1.246231142E+00,-880.025133E-03
+282.000E-06,-1.246231142E+00,-880.025133E-03
+284.500E-06,-1.246231142E+00,-1.081030160E+00
+287.000E-06,-1.246231142E+00,-679.020107E-03
+289.500E-06,-1.246231142E+00,-679.020107E-03
+292.000E-06,-1.286432147E+00,-478.015080E-03
+294.500E-06,-1.286432147E+00,-277.010053E-03
+297.000E-06,-1.326633152E+00,-277.010053E-03
+299.500E-06,-1.286432147E+00,-478.015080E-03
+302.000E-06,-1.326633152E+00,-679.020107E-03
+304.500E-06,-1.326633152E+00,-880.025133E-03
+307.000E-06,-1.326633152E+00,-679.020107E-03
+309.500E-06,-1.326633152E+00,-679.020107E-03
+312.000E-06,-1.366834156E+00,-679.020107E-03
+314.500E-06,-1.366834156E+00,-478.015080E-03
+317.000E-06,-1.366834156E+00,-277.010053E-03
+319.500E-06,-1.326633152E+00,-478.015080E-03
+322.000E-06,-1.407035161E+00,-478.015080E-03
+324.500E-06,-1.407035161E+00,-478.015080E-03
+327.000E-06,-1.366834156E+00,-679.020107E-03
+329.500E-06,-1.407035161E+00,-679.020107E-03
+332.000E-06,-1.407035161E+00,-478.015080E-03
+334.500E-06,-1.407035161E+00,-478.015080E-03
+337.000E-06,-1.407035161E+00,-277.010054E-03
+339.500E-06,-1.407035161E+00,-277.010053E-03
+342.000E-06,-1.447236165E+00,-277.010053E-03
+344.500E-06,-1.407035161E+00,-277.010054E-03
+347.000E-06,-1.407035161E+00,-478.015080E-03
+349.500E-06,-1.407035161E+00,-478.015080E-03
+352.000E-06,-1.447236165E+00,-478.015080E-03
+354.500E-06,-1.447236165E+00,-478.015080E-03
+357.000E-06,-1.447236165E+00,-478.015080E-03
+359.500E-06,-1.447236165E+00,-277.010054E-03
+362.000E-06,-1.487437170E+00,-277.010053E-03
+364.500E-06,-1.447236165E+00,-277.010053E-03
+367.000E-06,-1.487437170E+00,-277.010053E-03
+369.500E-06,-1.487437170E+00,-478.015080E-03
+372.000E-06,-1.487437170E+00,-478.015080E-03
+374.500E-06,-1.487437170E+00,-478.015080E-03
+377.000E-06,-1.487437170E+00,-277.010054E-03
+379.500E-06,-1.487437170E+00,-478.015080E-03
+382.000E-06,-1.527638175E+00,-277.010053E-03
+384.500E-06,-1.487437170E+00,-277.010053E-03
+387.000E-06,-1.527638175E+00,-76.005027E-03
+389.500E-06,-1.487437170E+00,-277.010053E-03
+392.000E-06,-1.487437170E+00,-277.010053E-03
+394.500E-06,-1.487437170E+00,-478.015080E-03
+397.000E-06,-1.527638175E+00,-277.010053E-03
+399.500E-06,-1.487437170E+00,-277.010053E-03
+402.000E-06,-1.527638175E+00,-277.010053E-03
+404.500E-06,-1.527638175E+00,-277.010053E-03
+407.000E-06,-1.527638175E+00,-76.005027E-03
+409.500E-06,-1.527638175E+00,-76.005027E-03
+412.000E-06,-1.567839179E+00,-76.005027E-03
+414.500E-06,-1.527638175E+00,-76.005027E-03
+417.000E-06,-1.567839179E+00,-76.005027E-03
+419.500E-06,-1.527638175E+00,-277.010053E-03
+422.000E-06,-1.567839179E+00,-478.015080E-03
+424.500E-06,-1.527638175E+00,-277.010053E-03
+427.000E-06,-1.527638175E+00,-76.005027E-03
+429.500E-06,-1.567839179E+00,-277.010053E-03
+432.000E-06,-1.567839179E+00,-277.010053E-03
+434.500E-06,-1.527638175E+00,-277.010053E-03
+437.000E-06,-1.567839179E+00,-76.005027E-03
+439.500E-06,-1.567839179E+00,-277.010053E-03
+442.000E-06,-1.567839179E+00,-277.010053E-03
+444.500E-06,-1.567839179E+00,-277.010053E-03
+447.000E-06,-1.608040184E+00,-76.005027E-03
+449.500E-06,-1.567839179E+00,-277.010053E-03
+452.000E-06,-1.608040184E+00,-76.005027E-03
+454.500E-06,-1.608040184E+00,-76.005027E-03
+457.000E-06,-1.608040184E+00,-76.005027E-03
+459.500E-06,-1.608040184E+00,-76.005027E-03
+462.000E-06,-1.567839179E+00,-76.005027E-03
+464.500E-06,-1.567839179E+00,-76.005027E-03
+467.000E-06,-1.567839179E+00,-76.005027E-03
+469.500E-06,-1.567839179E+00,-277.010053E-03
+472.000E-06,-1.608040184E+00,-76.005027E-03
+474.500E-06,-1.608040184E+00,-277.010053E-03
+477.000E-06,-1.608040184E+00,-76.005027E-03
+479.500E-06,-1.567839179E+00,-76.005027E-03
+482.000E-06,-1.567839179E+00,-76.005027E-03
+484.500E-06,-1.608040184E+00,-76.005027E-03
+487.000E-06,-1.608040184E+00,-76.005027E-03
+489.500E-06,-1.608040184E+00,-277.010053E-03
+492.000E-06,-1.608040184E+00,-76.005027E-03
+494.500E-06,-1.608040184E+00,-76.005027E-03
+497.000E-06,-1.608040184E+00,-76.005027E-03
+499.500E-06,-1.648241188E+00,-76.005027E-03
+502.000E-06,-1.608040184E+00,-76.005027E-03
+504.500E-06,-1.648241188E+00,-76.005027E-03
+507.000E-06,-1.648241188E+00,+125.000000E-03
+509.500E-06,-1.608040184E+00,-76.005027E-03
+512.000E-06,-1.608040184E+00,-76.005027E-03
+514.500E-06,-1.608040184E+00,-76.005027E-03
+517.000E-06,-1.648241188E+00,-76.005027E-03
+519.500E-06,-1.608040184E+00,-76.005027E-03
+522.000E-06,-1.608040184E+00,-76.005027E-03
+524.500E-06,-1.648241188E+00,-76.005027E-03
+527.000E-06,-1.648241188E+00,-76.005027E-03
+529.500E-06,-1.608040184E+00,+125.000000E-03
+532.000E-06,-1.608040184E+00,-76.005027E-03
+534.500E-06,-1.648241188E+00,-76.005027E-03
+537.000E-06,-1.608040184E+00,-76.005027E-03
+539.500E-06,-1.608040184E+00,+125.000000E-03
+542.000E-06,-1.648241188E+00,+125.000000E-03
+544.500E-06,-1.648241188E+00,-76.005027E-03
+547.000E-06,-1.608040184E+00,-76.005027E-03
+549.500E-06,-1.648241188E+00,+125.000000E-03
+552.000E-06,-1.648241188E+00,-76.005027E-03
+554.500E-06,-1.648241188E+00,-76.005027E-03
+557.000E-06,-1.688442193E+00,-76.005027E-03
+559.500E-06,-1.648241188E+00,-76.005027E-03
+562.000E-06,-1.648241188E+00,-76.005027E-03
+564.500E-06,-1.648241188E+00,-76.005027E-03
+567.000E-06,-1.648241188E+00,-76.005027E-03
+569.500E-06,-1.608040184E+00,-76.005027E-03
+572.000E-06,-1.608040184E+00,-76.005027E-03
+574.500E-06,-1.648241188E+00,-76.005027E-03
+577.000E-06,-1.648241188E+00,-76.005027E-03
+579.500E-06,-1.648241188E+00,-76.005027E-03
+582.000E-06,-1.608040184E+00,-76.005027E-03
+584.500E-06,-1.648241188E+00,-76.005027E-03
+587.000E-06,-1.648241188E+00,-76.005027E-03
+589.500E-06,-1.648241188E+00,-76.005027E-03
+592.000E-06,-1.608040184E+00,-76.005027E-03
+594.500E-06,-1.648241188E+00,-76.005027E-03
+597.000E-06,-1.608040184E+00,-76.005027E-03
+599.500E-06,-1.648241188E+00,-76.005027E-03
+602.000E-06,-1.648241188E+00,-76.005027E-03
+604.500E-06,-1.648241188E+00,-76.005027E-03
+607.000E-06,-1.648241188E+00,-76.005027E-03
+609.500E-06,-1.648241188E+00,-76.005027E-03
+612.000E-06,-1.648241188E+00,-76.005027E-03
+614.500E-06,-1.648241188E+00,-76.005027E-03
+617.000E-06,-1.648241188E+00,+125.000000E-03
+619.500E-06,-1.648241188E+00,+125.000000E-03
+622.000E-06,-1.648241188E+00,+125.000000E-03
+624.500E-06,-1.648241188E+00,-76.005027E-03
+627.000E-06,-1.688442193E+00,-76.005027E-03
+629.500E-06,-1.648241188E+00,-76.005027E-03
+632.000E-06,-1.648241188E+00,-76.005027E-03
+634.500E-06,-1.648241188E+00,-76.005027E-03
+637.000E-06,-1.688442193E+00,-76.005027E-03
+639.500E-06,-1.688442193E+00,-76.005027E-03
+642.000E-06,-1.648241188E+00,-76.005027E-03
+644.500E-06,-1.688442193E+00,-76.005027E-03
+647.000E-06,-1.688442193E+00,-76.005027E-03
+649.500E-06,-1.648241188E+00,-76.005027E-03
+652.000E-06,-1.648241188E+00,-76.005027E-03
+654.500E-06,-1.688442193E+00,-76.005027E-03
+657.000E-06,-1.688442193E+00,+125.000000E-03
+659.500E-06,-1.648241188E+00,-76.005027E-03
+662.000E-06,-1.648241188E+00,-76.005027E-03
+664.500E-06,-1.688442193E+00,-76.005027E-03
+667.000E-06,-1.688442193E+00,-76.005027E-03
+669.500E-06,-1.688442193E+00,+125.000000E-03
+672.000E-06,-1.688442193E+00,-76.005027E-03
+674.500E-06,-1.648241188E+00,-76.005027E-03
+677.000E-06,-1.688442193E+00,-76.005027E-03
+679.500E-06,-1.688442193E+00,+125.000000E-03
+682.000E-06,-1.688442193E+00,+125.000000E-03
+684.500E-06,-1.648241188E+00,-76.005027E-03
+687.000E-06,-1.688442193E+00,-76.005027E-03
+689.500E-06,-1.688442193E+00,-76.005027E-03
+692.000E-06,-1.688442193E+00,-76.005027E-03
+694.500E-06,-1.648241188E+00,-76.005027E-03
+697.000E-06,-1.688442193E+00,-76.005027E-03
+699.500E-06,-1.688442193E+00,-76.005027E-03
+702.000E-06,-1.648241188E+00,-76.005027E-03
+704.500E-06,-1.688442193E+00,-76.005027E-03
+707.000E-06,-1.688442193E+00,-76.005027E-03
+709.500E-06,-1.648241188E+00,-76.005027E-03
+712.000E-06,-1.688442193E+00,-76.005027E-03
+714.500E-06,-1.648241188E+00,-76.005027E-03
+717.000E-06,-1.688442193E+00,-76.005027E-03
+719.500E-06,-1.688442193E+00,-76.005027E-03
+722.000E-06,-1.688442193E+00,+125.000000E-03
+724.500E-06,-1.688442193E+00,-76.005027E-03
+727.000E-06,-1.648241188E+00,-76.005027E-03
+729.500E-06,-1.688442193E+00,+125.000000E-03
+732.000E-06,-1.688442193E+00,-76.005027E-03
+734.500E-06,-1.648241188E+00,+125.000000E-03
+737.000E-06,-1.648241188E+00,+125.000000E-03
+739.500E-06,-1.688442193E+00,+125.000000E-03
+742.000E-06,-1.648241188E+00,+125.000000E-03
+744.500E-06,-1.688442193E+00,+125.000000E-03
+747.000E-06,-1.648241188E+00,-76.005027E-03
+749.500E-06,-1.688442193E+00,+125.000000E-03
+752.000E-06,-1.688442193E+00,-76.005027E-03
+754.500E-06,-1.688442193E+00,+125.000000E-03
+757.000E-06,-1.688442193E+00,-76.005027E-03
+759.500E-06,-1.648241188E+00,-76.005027E-03
+762.000E-06,-1.728643198E+00,-76.005027E-03
+764.500E-06,-1.688442193E+00,-76.005027E-03
+767.000E-06,-1.688442193E+00,-76.005027E-03
+769.500E-06,-1.688442193E+00,+125.000000E-03
+772.000E-06,-1.688442193E+00,-76.005027E-03
+774.500E-06,-1.648241188E+00,-76.005027E-03
+777.000E-06,-1.688442193E+00,-76.005027E-03
+779.500E-06,-1.688442193E+00,-76.005027E-03
+782.000E-06,-1.688442193E+00,-76.005027E-03
+784.500E-06,-1.648241188E+00,+125.000000E-03
+787.000E-06,-1.688442193E+00,-76.005027E-03
+789.500E-06,-1.688442193E+00,+125.000000E-03
+792.000E-06,-1.728643198E+00,-76.005027E-03
+794.500E-06,-1.688442193E+00,-76.005027E-03
+797.000E-06,-1.648241188E+00,+125.000000E-03
+799.500E-06,-1.688442193E+00,-76.005027E-03
+802.000E-06,-1.648241188E+00,-76.005027E-03
+804.500E-06,-1.648241188E+00,-76.005027E-03
+807.000E-06,-1.688442193E+00,-76.005027E-03
+809.500E-06,-1.688442193E+00,-76.005027E-03
+812.000E-06,-1.648241188E+00,+125.000000E-03
+814.500E-06,-1.648241188E+00,+125.000000E-03
+817.000E-06,-1.688442193E+00,-76.005027E-03
+819.500E-06,-1.648241188E+00,-76.005027E-03
+822.000E-06,-1.688442193E+00,-76.005027E-03
+824.500E-06,-1.688442193E+00,-76.005027E-03
+827.000E-06,-1.648241188E+00,-76.005027E-03
+829.500E-06,-1.648241188E+00,-76.005027E-03
+832.000E-06,-1.688442193E+00,-76.005027E-03
+834.500E-06,-1.648241188E+00,-76.005027E-03
+837.000E-06,-1.688442193E+00,-76.005027E-03
+839.500E-06,-1.688442193E+00,-76.005027E-03
+842.000E-06,-1.688442193E+00,-76.005027E-03
+844.500E-06,-1.688442193E+00,-76.005027E-03
+847.000E-06,-1.688442193E+00,+125.000000E-03
+849.500E-06,-1.608040184E+00,-76.005027E-03
+852.000E-06,-1.688442193E+00,-76.005027E-03
+854.500E-06,-1.688442193E+00,-76.005027E-03
+857.000E-06,-1.648241188E+00,-76.005027E-03
+859.500E-06,-1.648241188E+00,+125.000000E-03
+862.000E-06,-1.688442193E+00,+125.000000E-03
+864.500E-06,-1.688442193E+00,-76.005027E-03
+867.000E-06,-1.688442193E+00,-76.005027E-03
+869.500E-06,-1.688442193E+00,-76.005027E-03
+872.000E-06,-1.648241188E+00,-76.005027E-03
+874.500E-06,-1.688442193E+00,-76.005027E-03
+877.000E-06,-1.648241188E+00,-76.005027E-03
+879.500E-06,-1.688442193E+00,+125.000000E-03
+882.000E-06,-1.688442193E+00,-76.005027E-03
+884.500E-06,-1.688442193E+00,-76.005027E-03
+887.000E-06,-1.648241188E+00,-76.005027E-03
+889.500E-06,-1.648241188E+00,-76.005027E-03
+892.000E-06,-1.688442193E+00,-76.005027E-03
+894.500E-06,-1.688442193E+00,-76.005027E-03
+897.000E-06,-1.688442193E+00,-76.005027E-03
+899.500E-06,-1.688442193E+00,+125.000000E-03
+902.000E-06,-1.688442193E+00,-76.005027E-03
+904.500E-06,-1.648241188E+00,-76.005027E-03
+907.000E-06,-1.688442193E+00,-76.005027E-03
+909.500E-06,-1.648241188E+00,-76.005027E-03
+912.000E-06,-1.688442193E+00,-76.005027E-03
+914.500E-06,-1.688442193E+00,-76.005027E-03
+917.000E-06,-1.648241188E+00,-76.005027E-03
+919.500E-06,-1.648241188E+00,+125.000000E-03
+922.000E-06,-1.688442193E+00,+125.000000E-03
+924.500E-06,-1.688442193E+00,+125.000000E-03
+927.000E-06,-1.688442193E+00,+125.000000E-03
+929.500E-06,-1.688442193E+00,+125.000000E-03
+932.000E-06,-1.648241188E+00,-76.005027E-03
+934.500E-06,-1.648241188E+00,-76.005027E-03
+937.000E-06,-1.648241188E+00,+125.000000E-03
+939.500E-06,-1.688442193E+00,-76.005027E-03
+942.000E-06,-1.648241188E+00,-76.005027E-03
+944.500E-06,-1.688442193E+00,-76.005027E-03
+947.000E-06,-1.688442193E+00,-76.005027E-03
+949.500E-06,-1.648241188E+00,-76.005027E-03
+952.000E-06,-1.688442193E+00,-76.005027E-03
+954.500E-06,-1.648241188E+00,+125.000000E-03
+957.000E-06,-1.688442193E+00,-76.005027E-03
+959.500E-06,-1.648241188E+00,+125.000000E-03
+962.000E-06,-1.688442193E+00,-76.005027E-03
+964.500E-06,-1.688442193E+00,-76.005027E-03
+967.000E-06,-1.688442193E+00,+125.000000E-03
+969.500E-06,-1.688442193E+00,+125.000000E-03
+972.000E-06,-1.688442193E+00,+125.000000E-03
+974.500E-06,-1.648241188E+00,-76.005027E-03
+977.000E-06,-1.688442193E+00,+125.000000E-03
+979.500E-06,-1.648241188E+00,+125.000000E-03
+982.000E-06,-1.688442193E+00,-76.005027E-03
+984.500E-06,-1.688442193E+00,-76.005027E-03
+987.000E-06,-1.688442193E+00,-76.005027E-03
+989.500E-06,-1.648241188E+00,-76.005027E-03
+992.000E-06,-1.688442193E+00,+125.000000E-03
+994.500E-06,-1.688442193E+00,-277.010053E-03
+997.000E-06,-1.648241188E+00,+929.020107E-03
+999.500E-06,-1.608040184E+00,+3.542085454E+00
+1.002000E-03,-1.527638175E+00,+6.959170908E+00
+1.004500E-03,-1.447236165E+00,+8.969221175E+00
+1.007000E-03,-1.407035161E+00,+9.170226201E+00
+1.009500E-03,-1.326633152E+00,+6.959170908E+00
+1.012000E-03,-1.286432147E+00,+3.944095507E+00
+1.014500E-03,-1.206030138E+00,+1.130025133E+00
+1.017000E-03,-1.165829133E+00,-277.010053E-03
+1.019500E-03,-1.125628129E+00,+326.005027E-03
+1.022000E-03,-1.085427124E+00,+2.537060320E+00
+1.024500E-03,-1.045226119E+00,+5.150125667E+00
+1.027000E-03,-964.824110E-03,+7.160175934E+00
+1.029500E-03,-964.824110E-03,+7.562185988E+00
+1.032000E-03,-924.623106E-03,+6.155150801E+00
+1.034500E-03,-844.221097E-03,+3.743090481E+00
+1.037000E-03,-804.020092E-03,+1.331030160E+00
+1.039500E-03,-763.819087E-03,+125.000000E-03
+1.042000E-03,-763.819087E-03,+326.005027E-03
+1.044500E-03,-683.417078E-03,+2.135050267E+00
+1.047000E-03,-643.216074E-03,+4.145100534E+00
+1.049500E-03,-603.015069E-03,+5.954145774E+00
+1.052000E-03,-562.814064E-03,+6.155150801E+00
+1.054500E-03,-562.814064E-03,+5.351130694E+00
+1.057000E-03,-562.814064E-03,+3.140075401E+00
+1.059500E-03,-482.412055E-03,+1.532035187E+00
+1.062000E-03,-442.211051E-03,+326.005027E-03
+1.064500E-03,-361.809041E-03,+527.010053E-03
+1.067000E-03,-361.809041E-03,+1.733040214E+00
+1.069500E-03,-321.608037E-03,+3.341080427E+00
+1.072000E-03,-281.407032E-03,+4.949120641E+00
+1.074500E-03,-281.407032E-03,+5.351130694E+00
+1.077000E-03,-201.005023E-03,+4.748115614E+00
+1.079500E-03,-160.804018E-03,+3.140075401E+00
+1.082000E-03,-160.804018E-03,+1.532035187E+00
+1.084500E-03,-160.804018E-03,+527.010053E-03
+1.087000E-03,-120.603014E-03,+527.010053E-03
+1.089500E-03,-80.402009E-03,+1.331030160E+00
+1.092000E-03,-40.201005E-03,+2.738065347E+00
+1.094500E-03,-0.0E+00,+3.944095507E+00
+1.097000E-03,+40.201005E-03,+4.346105561E+00
+1.099500E-03,+40.201005E-03,+4.145100534E+00
+1.102000E-03,+80.402009E-03,+2.939070374E+00
+1.104500E-03,+80.402009E-03,+1.331030160E+00
+1.107000E-03,+120.603014E-03,+527.010054E-03
+1.109500E-03,+160.804018E-03,+527.010053E-03
+1.112000E-03,+160.804018E-03,+1.331030160E+00
+1.114500E-03,+201.005023E-03,+2.336055294E+00
+1.117000E-03,+241.206028E-03,+3.341080427E+00
+1.119500E-03,+241.206028E-03,+3.743090481E+00
+1.122000E-03,+281.407032E-03,+3.341080427E+00
+1.124500E-03,+321.608037E-03,+2.336055294E+00
+1.127000E-03,+321.608037E-03,+1.532035187E+00
+1.129500E-03,+361.809041E-03,+728.015080E-03
+1.132000E-03,+361.809041E-03,+728.015080E-03
+1.134500E-03,+402.010046E-03,+1.130025133E+00
+1.137000E-03,+482.412055E-03,+1.934045240E+00
+1.139500E-03,+442.211051E-03,+2.738065347E+00
+1.142000E-03,+442.211051E-03,+3.140075400E+00
+1.144500E-03,+522.613060E-03,+2.939070374E+00
+1.147000E-03,+522.613060E-03,+2.336055294E+00
+1.149500E-03,+522.613060E-03,+1.532035187E+00
+1.152000E-03,+522.613060E-03,+728.015080E-03
+1.154500E-03,+603.015069E-03,+728.015080E-03
+1.157000E-03,+603.015069E-03,+929.020107E-03
+1.159500E-03,+643.216073E-03,+1.733040214E+00
+1.162000E-03,+603.015069E-03,+2.336055294E+00
+1.164500E-03,+643.216074E-03,+2.537060320E+00
+1.167000E-03,+683.417078E-03,+2.537060320E+00
+1.169500E-03,+683.417078E-03,+1.934045240E+00
+1.172000E-03,+723.618083E-03,+1.331030160E+00
+1.174500E-03,+723.618083E-03,+728.015080E-03
+1.177000E-03,+763.819087E-03,+728.015080E-03
+1.179500E-03,+763.819087E-03,+929.020107E-03
+1.182000E-03,+763.819087E-03,+1.532035187E+00
+1.184500E-03,+763.819087E-03,+1.934045240E+00
+1.187000E-03,+844.221096E-03,+2.135050267E+00
+1.189500E-03,+844.221096E-03,+2.135050267E+00
+1.192000E-03,+844.221096E-03,+1.733040214E+00
+1.194500E-03,+884.422101E-03,+1.130025133E+00
+1.197000E-03,+884.422101E-03,+728.015080E-03
+1.199500E-03,+884.422101E-03,+527.010053E-03
+1.202000E-03,+884.422101E-03,+527.010054E-03
+1.204500E-03,+924.623106E-03,+929.020107E-03
+1.207000E-03,+924.623106E-03,+1.532035187E+00
+1.209500E-03,+964.824110E-03,+1.733040214E+00
+1.212000E-03,+964.824110E-03,+1.733040214E+00
+1.214500E-03,+1.005025115E+00,+1.532035187E+00
+1.217000E-03,+1.005025115E+00,+1.130025133E+00
+1.219500E-03,+1.005025115E+00,+728.015080E-03
+1.222000E-03,+1.005025115E+00,+527.010053E-03
+1.224500E-03,+1.045226119E+00,+728.015080E-03
+1.227000E-03,+1.045226119E+00,+929.020107E-03
+1.229500E-03,+1.085427124E+00,+1.331030160E+00
+1.232000E-03,+1.085427124E+00,+1.331030160E+00
+1.234500E-03,+1.085427124E+00,+1.331030160E+00
+1.237000E-03,+1.125628129E+00,+1.331030160E+00
+1.239500E-03,+1.125628129E+00,+929.020107E-03
+1.242000E-03,+1.125628129E+00,+728.015080E-03
+1.244500E-03,+1.125628129E+00,+527.010053E-03
+1.247000E-03,+1.165829133E+00,+527.010053E-03
+1.249500E-03,+1.206030138E+00,+527.010054E-03
+1.252000E-03,+1.165829133E+00,+929.020107E-03
+1.254500E-03,+1.206030138E+00,+1.331030160E+00
+1.257000E-03,+1.206030138E+00,+1.331030160E+00
+1.259500E-03,+1.206030138E+00,+1.130025133E+00
+1.262000E-03,+1.246231142E+00,+929.020107E-03
+1.264500E-03,+1.246231142E+00,+527.010053E-03
+1.267000E-03,+1.246231142E+00,+527.010053E-03
+1.269500E-03,+1.286432147E+00,+326.005027E-03
+1.272000E-03,+1.246231142E+00,+527.010054E-03
+1.274500E-03,+1.286432147E+00,+929.020107E-03
+1.277000E-03,+1.246231142E+00,+1.130025133E+00
+1.279500E-03,+1.286432147E+00,+929.020107E-03
+1.282000E-03,+1.326633152E+00,+929.020107E-03
+1.284500E-03,+1.286432147E+00,+728.015080E-03
+1.287000E-03,+1.326633152E+00,+527.010053E-03
+1.289500E-03,+1.326633152E+00,+527.010053E-03
+1.292000E-03,+1.326633152E+00,+326.005027E-03
+1.294500E-03,+1.366834156E+00,+527.010054E-03
+1.297000E-03,+1.366834156E+00,+728.015080E-03
+1.299500E-03,+1.326633152E+00,+728.015080E-03
+1.302000E-03,+1.366834156E+00,+929.020107E-03
+1.304500E-03,+1.366834156E+00,+728.015080E-03
+1.307000E-03,+1.366834156E+00,+728.015080E-03
+1.309500E-03,+1.407035161E+00,+326.005027E-03
+1.312000E-03,+1.366834156E+00,+326.005027E-03
+1.314500E-03,+1.366834156E+00,+527.010053E-03
+1.317000E-03,+1.407035161E+00,+527.010053E-03
+1.319500E-03,+1.447236165E+00,+527.010053E-03
+1.322000E-03,+1.407035161E+00,+728.015080E-03
+1.324500E-03,+1.407035161E+00,+728.015080E-03
+1.327000E-03,+1.447236165E+00,+527.010054E-03
+1.329500E-03,+1.447236165E+00,+527.010053E-03
+1.332000E-03,+1.407035161E+00,+527.010053E-03
+1.334500E-03,+1.447236165E+00,+326.005027E-03
+1.337000E-03,+1.447236165E+00,+326.005027E-03
+1.339500E-03,+1.487437170E+00,+326.005027E-03
+1.342000E-03,+1.487437170E+00,+326.005027E-03
+1.344500E-03,+1.487437170E+00,+527.010054E-03
+1.347000E-03,+1.447236165E+00,+728.015080E-03
+1.349500E-03,+1.487437170E+00,+527.010053E-03
+1.352000E-03,+1.487437170E+00,+527.010053E-03
+1.354500E-03,+1.487437170E+00,+326.005027E-03
+1.357000E-03,+1.527638175E+00,+326.005027E-03
+1.359500E-03,+1.487437170E+00,+125.000000E-03
+1.362000E-03,+1.527638175E+00,+326.005027E-03
+1.364500E-03,+1.487437170E+00,+326.005027E-03
+1.367000E-03,+1.527638175E+00,+527.010053E-03
+1.369500E-03,+1.527638175E+00,+527.010053E-03
+1.372000E-03,+1.527638175E+00,+527.010053E-03
+1.374500E-03,+1.527638175E+00,+326.005027E-03
+1.377000E-03,+1.487437170E+00,+326.005027E-03
+1.379500E-03,+1.567839179E+00,+125.000000E-03
+1.382000E-03,+1.527638175E+00,+326.005027E-03
+1.384500E-03,+1.527638175E+00,+527.010053E-03
+1.387000E-03,+1.567839179E+00,+326.005027E-03
+1.389500E-03,+1.527638175E+00,+326.005027E-03
+1.392000E-03,+1.567839179E+00,+326.005027E-03
+1.394500E-03,+1.567839179E+00,+326.005027E-03
+1.397000E-03,+1.527638175E+00,+326.005027E-03
+1.399500E-03,+1.567839179E+00,+125.000000E-03
+1.402000E-03,+1.567839179E+00,+125.000000E-03
+1.404500E-03,+1.567839179E+00,+326.005027E-03
+1.407000E-03,+1.608040184E+00,+326.005027E-03
+1.409500E-03,+1.567839179E+00,+326.005027E-03
+1.412000E-03,+1.567839179E+00,+326.005027E-03
+1.414500E-03,+1.567839179E+00,+125.000000E-03
+1.417000E-03,+1.567839179E+00,+326.005027E-03
+1.419500E-03,+1.567839179E+00,+326.005027E-03
+1.422000E-03,+1.567839179E+00,+125.000000E-03
+1.424500E-03,+1.608040184E+00,+125.000000E-03
+1.427000E-03,+1.567839179E+00,+125.000000E-03
+1.429500E-03,+1.608040184E+00,+125.000000E-03
+1.432000E-03,+1.608040184E+00,+125.000000E-03
+1.434500E-03,+1.608040184E+00,+125.000000E-03
+1.437000E-03,+1.608040184E+00,+326.005027E-03
+1.439500E-03,+1.608040184E+00,+326.005027E-03
+1.442000E-03,+1.608040184E+00,+125.000000E-03
+1.444500E-03,+1.608040184E+00,+125.000000E-03
+1.447000E-03,+1.608040184E+00,+125.000000E-03
+1.449500E-03,+1.608040184E+00,+326.005027E-03
+1.452000E-03,+1.567839179E+00,+125.000000E-03
+1.454500E-03,+1.648241188E+00,-76.005026E-03
+1.457000E-03,+1.608040184E+00,+326.005027E-03
+1.459500E-03,+1.608040184E+00,+326.005027E-03
+1.462000E-03,+1.648241188E+00,+125.000000E-03
+1.464500E-03,+1.648241188E+00,+326.005027E-03
+1.467000E-03,+1.608040184E+00,+125.000000E-03
+1.469500E-03,+1.608040184E+00,+125.000000E-03
+1.472000E-03,+1.648241188E+00,-76.005027E-03
+1.474500E-03,+1.648241188E+00,+125.000000E-03
+1.477000E-03,+1.648241188E+00,+125.000000E-03
+1.479500E-03,+1.608040184E+00,+125.000000E-03
+1.482000E-03,+1.648241188E+00,+326.005027E-03
+1.484500E-03,+1.688442193E+00,+125.000000E-03
+1.487000E-03,+1.648241188E+00,+125.000000E-03
+1.489500E-03,+1.688442193E+00,+125.000000E-03
+1.492000E-03,+1.688442193E+00,+125.000000E-03
+1.494500E-03,+1.648241188E+00,+125.000000E-03
+1.497000E-03,+1.648241188E+00,+125.000000E-03
+1.499500E-03,+1.648241188E+00,+125.000000E-03
+1.502000E-03,+1.688442193E+00,-76.005027E-03
+1.504500E-03,+1.648241188E+00,+125.000000E-03
+1.507000E-03,+1.648241188E+00,+125.000000E-03
+1.509500E-03,+1.648241188E+00,+125.000000E-03
+1.512000E-03,+1.648241188E+00,+125.000000E-03
+1.514500E-03,+1.648241188E+00,+125.000000E-03
+1.517000E-03,+1.728643198E+00,+125.000000E-03
+1.519500E-03,+1.688442193E+00,+125.000000E-03
+1.522000E-03,+1.648241188E+00,+125.000000E-03
+1.524500E-03,+1.688442193E+00,+125.000000E-03
+1.527000E-03,+1.688442193E+00,+125.000000E-03
+1.529500E-03,+1.688442193E+00,+125.000000E-03
+1.532000E-03,+1.648241188E+00,+125.000000E-03
+1.534500E-03,+1.648241188E+00,+125.000000E-03
+1.537000E-03,+1.688442193E+00,+125.000000E-03
+1.539500E-03,+1.648241188E+00,+125.000000E-03
+1.542000E-03,+1.688442193E+00,-76.005027E-03
+1.544500E-03,+1.688442193E+00,+125.000000E-03
+1.547000E-03,+1.728643198E+00,+125.000000E-03
+1.549500E-03,+1.648241188E+00,-76.005027E-03
+1.552000E-03,+1.688442193E+00,+326.005027E-03
+1.554500E-03,+1.648241188E+00,-76.005027E-03
+1.557000E-03,+1.688442193E+00,+125.000000E-03
+1.559500E-03,+1.688442193E+00,+125.000000E-03
+1.562000E-03,+1.688442193E+00,+125.000000E-03
+1.564500E-03,+1.688442193E+00,+125.000000E-03
+1.567000E-03,+1.688442193E+00,+125.000000E-03
+1.569500E-03,+1.648241188E+00,+125.000000E-03
+1.572000E-03,+1.688442193E+00,+125.000000E-03
+1.574500E-03,+1.728643198E+00,+125.000000E-03
+1.577000E-03,+1.688442193E+00,+125.000000E-03
+1.579500E-03,+1.728643198E+00,+125.000000E-03
+1.582000E-03,+1.688442193E+00,+125.000000E-03
+1.584500E-03,+1.688442193E+00,-76.005027E-03
+1.587000E-03,+1.688442193E+00,-76.005027E-03
+1.589500E-03,+1.688442193E+00,+125.000000E-03
+1.592000E-03,+1.728643198E+00,+125.000000E-03
+1.594500E-03,+1.688442193E+00,+125.000000E-03
+1.597000E-03,+1.728643198E+00,+125.000000E-03
+1.599500E-03,+1.688442193E+00,+125.000000E-03
+1.602000E-03,+1.688442193E+00,+125.000000E-03
+1.604500E-03,+1.688442193E+00,+125.000000E-03
+1.607000E-03,+1.728643198E+00,+125.000000E-03
+1.609500E-03,+1.728643198E+00,+125.000000E-03
+1.612000E-03,+1.728643198E+00,+125.000000E-03
+1.614500E-03,+1.688442193E+00,+125.000000E-03
+1.617000E-03,+1.728643198E+00,+125.000000E-03
+1.619500E-03,+1.728643198E+00,-76.005027E-03
+1.622000E-03,+1.688442193E+00,-76.005027E-03
+1.624500E-03,+1.728643198E+00,+125.000000E-03
+1.627000E-03,+1.728643198E+00,-76.005027E-03
+1.629500E-03,+1.688442193E+00,-76.005027E-03
+1.632000E-03,+1.728643198E+00,-76.005027E-03
+1.634500E-03,+1.688442193E+00,+125.000000E-03
+1.637000E-03,+1.728643198E+00,+125.000000E-03
+1.639500E-03,+1.728643198E+00,+125.000000E-03
+1.642000E-03,+1.728643198E+00,+125.000000E-03
+1.644500E-03,+1.728643198E+00,+125.000000E-03
+1.647000E-03,+1.728643198E+00,-76.005027E-03
+1.649500E-03,+1.728643198E+00,+125.000000E-03
+1.652000E-03,+1.728643198E+00,+125.000000E-03
+1.654500E-03,+1.688442193E+00,-76.005027E-03
+1.657000E-03,+1.728643198E+00,+125.000000E-03
+1.659500E-03,+1.728643198E+00,+125.000000E-03
+1.662000E-03,+1.728643198E+00,-76.005027E-03
+1.664500E-03,+1.728643198E+00,+125.000000E-03
+1.667000E-03,+1.728643198E+00,+125.000000E-03
+1.669500E-03,+1.688442193E+00,+125.000000E-03
+1.672000E-03,+1.768844202E+00,+125.000000E-03
+1.674500E-03,+1.728643198E+00,+125.000000E-03
+1.677000E-03,+1.728643198E+00,-76.005027E-03
+1.679500E-03,+1.728643198E+00,-76.005027E-03
+1.682000E-03,+1.728643198E+00,-76.005027E-03
+1.684500E-03,+1.728643198E+00,-76.005027E-03
+1.687000E-03,+1.728643198E+00,+125.000000E-03
+1.689500E-03,+1.728643198E+00,-277.010053E-03
+1.692000E-03,+1.728643198E+00,-76.005027E-03
+1.694500E-03,+1.728643198E+00,-76.005027E-03
+1.697000E-03,+1.688442193E+00,-76.005027E-03
+1.699500E-03,+1.728643198E+00,-76.005027E-03
+1.702000E-03,+1.728643198E+00,-76.005027E-03
+1.704500E-03,+1.728643198E+00,+125.000000E-03
+1.707000E-03,+1.688442193E+00,-76.005027E-03
+1.709500E-03,+1.728643198E+00,-76.005027E-03
+1.712000E-03,+1.728643198E+00,+125.000000E-03
+1.714500E-03,+1.728643198E+00,-76.005027E-03
+1.717000E-03,+1.768844202E+00,+125.000000E-03
+1.719500E-03,+1.728643198E+00,-76.005027E-03
+1.722000E-03,+1.728643198E+00,+125.000000E-03
+1.724500E-03,+1.688442193E+00,-76.005027E-03
+1.727000E-03,+1.728643198E+00,+125.000000E-03
+1.729500E-03,+1.728643198E+00,+125.000000E-03
+1.732000E-03,+1.728643198E+00,-76.005027E-03
+1.734500E-03,+1.768844202E+00,+125.000000E-03
+1.737000E-03,+1.728643198E+00,-76.005027E-03
+1.739500E-03,+1.728643198E+00,-76.005027E-03
+1.742000E-03,+1.768844202E+00,+125.000000E-03
+1.744500E-03,+1.728643198E+00,+125.000000E-03
+1.747000E-03,+1.728643198E+00,+125.000000E-03
+1.749500E-03,+1.728643198E+00,+125.000000E-03
+1.752000E-03,+1.728643198E+00,+125.000000E-03
+1.754500E-03,+1.688442193E+00,-76.005027E-03
+1.757000E-03,+1.728643198E+00,-76.005027E-03
+1.759500E-03,+1.728643198E+00,-76.005027E-03
+1.762000E-03,+1.728643198E+00,+125.000000E-03
+1.764500E-03,+1.728643198E+00,-76.005027E-03
+1.767000E-03,+1.768844202E+00,-76.005027E-03
+1.769500E-03,+1.728643198E+00,-76.005027E-03
+1.772000E-03,+1.728643198E+00,-76.005027E-03
+1.774500E-03,+1.688442193E+00,+125.000000E-03
+1.777000E-03,+1.728643198E+00,-76.005027E-03
+1.779500E-03,+1.728643198E+00,-76.005027E-03
+1.782000E-03,+1.728643198E+00,+125.000000E-03
+1.784500E-03,+1.728643198E+00,-76.005027E-03
+1.787000E-03,+1.728643198E+00,+125.000000E-03
+1.789500E-03,+1.728643198E+00,-76.005027E-03
+1.792000E-03,+1.728643198E+00,-76.005027E-03
+1.794500E-03,+1.728643198E+00,+125.000000E-03
+1.797000E-03,+1.728643198E+00,+125.000000E-03
+1.799500E-03,+1.728643198E+00,-76.005027E-03
+1.802000E-03,+1.768844202E+00,-76.005027E-03
+1.804500E-03,+1.728643198E+00,+125.000000E-03
+1.807000E-03,+1.728643198E+00,-76.005027E-03
+1.809500E-03,+1.768844202E+00,+125.000000E-03
+1.812000E-03,+1.728643198E+00,-76.005027E-03
+1.814500E-03,+1.728643198E+00,+125.000000E-03
+1.817000E-03,+1.768844202E+00,+125.000000E-03
+1.819500E-03,+1.728643198E+00,-76.005027E-03
+1.822000E-03,+1.728643198E+00,-76.005027E-03
+1.824500E-03,+1.728643198E+00,-76.005027E-03
+1.827000E-03,+1.728643198E+00,+125.000000E-03
+1.829500E-03,+1.768844202E+00,-76.005027E-03
+1.832000E-03,+1.728643198E+00,+125.000000E-03
+1.834500E-03,+1.768844202E+00,+125.000000E-03
+1.837000E-03,+1.728643198E+00,-76.005027E-03
+1.839500E-03,+1.728643198E+00,-76.005027E-03
+1.842000E-03,+1.728643198E+00,+125.000000E-03
+1.844500E-03,+1.728643198E+00,+125.000000E-03
+1.847000E-03,+1.728643198E+00,-76.005027E-03
+1.849500E-03,+1.728643198E+00,+125.000000E-03
+1.852000E-03,+1.768844202E+00,-76.005027E-03
+1.854500E-03,+1.768844202E+00,-76.005027E-03
+1.857000E-03,+1.728643198E+00,-76.005027E-03
+1.859500E-03,+1.728643198E+00,-76.005027E-03
+1.862000E-03,+1.728643198E+00,-76.005027E-03
+1.864500E-03,+1.768844202E+00,+125.000000E-03
+1.867000E-03,+1.728643198E+00,-76.005027E-03
+1.869500E-03,+1.728643198E+00,-76.005027E-03
+1.872000E-03,+1.768844202E+00,-76.005027E-03
+1.874500E-03,+1.728643198E+00,-76.005027E-03
+1.877000E-03,+1.728643198E+00,+125.000000E-03
+1.879500E-03,+1.688442193E+00,+125.000000E-03
+1.882000E-03,+1.728643198E+00,+125.000000E-03
+1.884500E-03,+1.728643198E+00,-76.005027E-03
+1.887000E-03,+1.728643198E+00,+125.000000E-03
+1.889500E-03,+1.768844202E+00,+125.000000E-03
+1.892000E-03,+1.728643198E+00,-76.005027E-03
+1.894500E-03,+1.728643198E+00,-76.005027E-03
+1.897000E-03,+1.728643198E+00,-76.005027E-03
+1.899500E-03,+1.768844202E+00,+125.000000E-03
+1.902000E-03,+1.728643198E+00,-76.005027E-03
+1.904500E-03,+1.728643198E+00,-76.005027E-03
+1.907000E-03,+1.728643198E+00,-76.005027E-03
+1.909500E-03,+1.728643198E+00,+125.000000E-03
+1.912000E-03,+1.688442193E+00,+125.000000E-03
+1.914500E-03,+1.728643198E+00,-76.005027E-03
+1.917000E-03,+1.728643198E+00,-76.005027E-03
+1.919500E-03,+1.768844202E+00,-76.005027E-03
+1.922000E-03,+1.728643198E+00,-76.005027E-03
+1.924500E-03,+1.768844202E+00,-76.005027E-03
+1.927000E-03,+1.768844202E+00,-76.005027E-03
+1.929500E-03,+1.768844202E+00,-76.005027E-03
+1.932000E-03,+1.728643198E+00,-76.005027E-03
+1.934500E-03,+1.728643198E+00,-76.005027E-03
+1.937000E-03,+1.728643198E+00,-76.005027E-03
+1.939500E-03,+1.768844202E+00,-76.005027E-03
+1.942000E-03,+1.728643198E+00,+125.000000E-03
+1.944500E-03,+1.728643198E+00,+125.000000E-03
+1.947000E-03,+1.728643198E+00,+125.000000E-03
+1.949500E-03,+1.768844202E+00,-76.005027E-03
+1.952000E-03,+1.728643198E+00,+125.000000E-03
+1.954500E-03,+1.728643198E+00,-76.005027E-03
+1.957000E-03,+1.728643198E+00,-76.005027E-03
+1.959500E-03,+1.728643198E+00,-76.005027E-03
+1.962000E-03,+1.768844202E+00,+125.000000E-03
+1.964500E-03,+1.728643198E+00,-76.005027E-03
+1.967000E-03,+1.768844202E+00,-76.005027E-03
+1.969500E-03,+1.728643198E+00,-76.005027E-03
+1.972000E-03,+1.768844202E+00,-76.005027E-03
+1.974500E-03,+1.768844202E+00,-76.005027E-03
+1.977000E-03,+1.768844202E+00,+125.000000E-03
+1.979500E-03,+1.688442193E+00,-76.005027E-03
+1.982000E-03,+1.728643198E+00,-76.005027E-03
+1.984500E-03,+1.728643198E+00,+125.000000E-03
+1.987000E-03,+1.728643198E+00,-76.005027E-03
+1.989500E-03,+1.728643198E+00,-478.015080E-03
+1.992000E-03,+1.608040184E+00,-2.890075400E+00
+1.994500E-03,+1.567839179E+00,-6.307160854E+00
+1.997000E-03,+1.527638175E+00,-8.719221175E+00
+1.999500E-03,+1.447236165E+00,-9.523241281E+00
+2.002000E-03,+1.407035161E+00,-7.714196041E+00
+2.004500E-03,+1.366834156E+00,-4.699120641E+00
+2.007000E-03,+1.286432147E+00,-1.684045240E+00
+2.009500E-03,+1.286432147E+00,+125.000000E-03
+2.012000E-03,+1.206030138E+00,-76.005027E-03
+2.014500E-03,+1.165829133E+00,-2.086055293E+00
+2.017000E-03,+1.125628129E+00,-4.900125667E+00
+2.019500E-03,+1.085427124E+00,-7.111180961E+00
+2.022000E-03,+1.045226119E+00,-7.714196041E+00
+2.024500E-03,+964.824110E-03,-6.508165881E+00
+2.027000E-03,+924.623106E-03,-4.297110588E+00
+2.029500E-03,+884.422101E-03,-1.684045240E+00
+2.032000E-03,+844.221096E-03,-277.010053E-03
+2.034500E-03,+804.020092E-03,-277.010053E-03
+2.037000E-03,+763.819087E-03,-1.684045240E+00
+2.039500E-03,+723.618083E-03,-3.895100534E+00
+2.042000E-03,+683.417078E-03,-5.905150801E+00
+2.044500E-03,+643.216074E-03,-6.307160855E+00
+2.047000E-03,+603.015069E-03,-5.704145774E+00
+2.049500E-03,+562.814064E-03,-3.895100534E+00
+2.052000E-03,+562.814064E-03,-1.684045240E+00
+2.054500E-03,+522.613060E-03,-478.015080E-03
+2.057000E-03,+402.010046E-03,-478.015080E-03
+2.059500E-03,+402.010046E-03,-1.483040214E+00
+2.062000E-03,+361.809041E-03,-3.091080427E+00
+2.064500E-03,+321.608037E-03,-4.699120641E+00
+2.067000E-03,+281.407032E-03,-5.302135721E+00
+2.069500E-03,+281.407032E-03,-4.900125667E+00
+2.072000E-03,+241.206028E-03,-3.292085454E+00
+2.074500E-03,+201.005023E-03,-1.684045240E+00
+2.077000E-03,+160.804018E-03,-679.020107E-03
+2.079500E-03,+160.804018E-03,-277.010054E-03
+2.082000E-03,+80.402009E-03,-1.282035187E+00
+2.084500E-03,+80.402009E-03,-2.488065347E+00
+2.087000E-03,+40.201005E-03,-3.895100534E+00
+2.089500E-03,+40.201005E-03,-4.498115614E+00
+2.092000E-03,+0.0E+00,-4.096105561E+00
+2.094500E-03,+0.0E+00,-3.091080427E+00
+2.097000E-03,-40.201005E-03,-1.684045240E+00
+2.099500E-03,-120.603014E-03,-880.025133E-03
+2.102000E-03,-120.603014E-03,-478.015080E-03
+2.104500E-03,-120.603014E-03,-1.081030160E+00
+2.107000E-03,-160.804018E-03,-2.086055294E+00
+2.109500E-03,-201.005023E-03,-3.292085454E+00
+2.112000E-03,-201.005023E-03,-3.895100534E+00
+2.114500E-03,-201.005023E-03,-3.493090481E+00
+2.117000E-03,-281.407032E-03,-2.689070374E+00
+2.119500E-03,-281.407032E-03,-1.684045240E+00
+2.122000E-03,-321.608037E-03,-880.025133E-03
+2.124500E-03,-361.809041E-03,-478.015080E-03
+2.127000E-03,-361.809041E-03,-1.081030160E+00
+2.129500E-03,-402.010046E-03,-1.684045240E+00
+2.132000E-03,-442.211050E-03,-2.689070374E+00
+2.134500E-03,-442.211051E-03,-3.091080427E+00
+2.137000E-03,-442.211051E-03,-3.091080427E+00
+2.139500E-03,-442.211051E-03,-2.488065347E+00
+2.142000E-03,-522.613060E-03,-1.483040214E+00
+2.144500E-03,-522.613060E-03,-679.020107E-03
+2.147000E-03,-562.814064E-03,-679.020107E-03
+2.149500E-03,-603.015069E-03,-880.025133E-03
+2.152000E-03,-603.015069E-03,-1.282035187E+00
+2.154500E-03,-603.015069E-03,-2.287060320E+00
+2.157000E-03,-643.216073E-03,-2.488065347E+00
+2.159500E-03,-643.216073E-03,-2.689070374E+00
+2.162000E-03,-683.417078E-03,-2.287060320E+00
+2.164500E-03,-683.417078E-03,-1.483040213E+00
+2.167000E-03,-723.618083E-03,-880.025133E-03
+2.169500E-03,-723.618083E-03,-478.015080E-03
+2.172000E-03,-723.618083E-03,-679.020107E-03
+2.174500E-03,-763.819087E-03,-1.081030160E+00
+2.177000E-03,-763.819087E-03,-1.684045240E+00
+2.179500E-03,-804.020092E-03,-2.086055294E+00
+2.182000E-03,-844.221096E-03,-2.287060320E+00
+2.184500E-03,-844.221096E-03,-1.885050267E+00
+2.187000E-03,-804.020092E-03,-1.282035187E+00
+2.189500E-03,-884.422101E-03,-880.025133E-03
+2.192000E-03,-844.221097E-03,-679.020107E-03
+2.194500E-03,-884.422101E-03,-679.020107E-03
+2.197000E-03,-884.422101E-03,-1.081030160E+00
+2.199500E-03,-924.623106E-03,-1.483040213E+00
+2.202000E-03,-924.623106E-03,-1.885050267E+00
+2.204500E-03,-964.824110E-03,-1.885050267E+00
+2.207000E-03,-964.824110E-03,-1.483040214E+00
+2.209500E-03,-964.824110E-03,-1.282035187E+00
+2.212000E-03,-1.005025115E+00,-880.025133E-03
+2.214500E-03,-1.045226119E+00,-478.015080E-03
+2.217000E-03,-1.005025115E+00,-679.020107E-03
+2.219500E-03,-1.045226119E+00,-880.025133E-03
+2.222000E-03,-1.005025115E+00,-1.081030160E+00
+2.224500E-03,-1.045226119E+00,-1.483040214E+00
+2.227000E-03,-1.085427124E+00,-1.483040214E+00
+2.229500E-03,-1.085427124E+00,-1.282035187E+00
+2.232000E-03,-1.085427124E+00,-880.025134E-03
+2.234500E-03,-1.085427124E+00,-679.020107E-03
+2.237000E-03,-1.125628129E+00,-478.015080E-03
+2.239500E-03,-1.165829133E+00,-478.015080E-03
+2.242000E-03,-1.125628129E+00,-679.020107E-03
+2.244500E-03,-1.165829133E+00,-1.081030160E+00
+2.247000E-03,-1.125628129E+00,-1.282035187E+00
+2.249500E-03,-1.165829133E+00,-1.282035187E+00
+2.252000E-03,-1.206030138E+00,-1.081030160E+00
+2.254500E-03,-1.206030138E+00,-880.025133E-03
+2.257000E-03,-1.206030138E+00,-478.015081E-03
+2.259500E-03,-1.206030138E+00,-679.020107E-03
+2.262000E-03,-1.206030138E+00,-277.010054E-03
+2.264500E-03,-1.246231142E+00,-679.020107E-03
+2.267000E-03,-1.206030138E+00,-880.025133E-03
+2.269500E-03,-1.246231142E+00,-1.081030160E+00
+2.272000E-03,-1.246231142E+00,-1.081030160E+00
+2.274500E-03,-1.246231142E+00,-880.025133E-03
+2.277000E-03,-1.326633152E+00,-880.025133E-03
+2.279500E-03,-1.286432147E+00,-277.010053E-03
+2.282000E-03,-1.286432147E+00,-478.015080E-03
+2.284500E-03,-1.286432147E+00,-478.015080E-03
+2.287000E-03,-1.326633152E+00,-679.020107E-03
+2.289500E-03,-1.326633152E+00,-478.015080E-03
+2.292000E-03,-1.326633152E+00,-880.025133E-03
+2.294500E-03,-1.326633152E+00,-880.025133E-03
+2.297000E-03,-1.286432147E+00,-880.025133E-03
+2.299500E-03,-1.326633152E+00,-679.020107E-03
+2.302000E-03,-1.366834156E+00,-478.015080E-03
+2.304500E-03,-1.366834156E+00,-76.005027E-03
+2.307000E-03,-1.366834156E+00,-277.010053E-03
+2.309500E-03,-1.326633152E+00,-277.010054E-03
+2.312000E-03,-1.407035161E+00,-277.010054E-03
+2.314500E-03,-1.366834156E+00,-679.020107E-03
+2.317000E-03,-1.447236165E+00,-679.020107E-03
+2.319500E-03,-1.407035161E+00,-679.020107E-03
+2.322000E-03,-1.366834156E+00,-478.015080E-03
+2.324500E-03,-1.366834156E+00,-277.010053E-03
+2.327000E-03,-1.407035161E+00,-277.010053E-03
+2.329500E-03,-1.447236165E+00,-277.010053E-03
+2.332000E-03,-1.447236165E+00,-277.010053E-03
+2.334500E-03,-1.447236165E+00,-478.015080E-03
+2.337000E-03,-1.447236165E+00,-478.015080E-03
+2.339500E-03,-1.407035161E+00,-478.015080E-03
+2.342000E-03,-1.407035161E+00,-478.015080E-03
+2.344500E-03,-1.447236165E+00,-478.015080E-03
+2.347000E-03,-1.447236165E+00,-277.010053E-03
+2.349500E-03,-1.447236165E+00,-277.010053E-03
+2.352000E-03,-1.487437170E+00,-277.010053E-03
+2.354500E-03,-1.487437170E+00,-277.010053E-03
+2.357000E-03,-1.487437170E+00,-277.010053E-03
+2.359500E-03,-1.487437170E+00,-478.015080E-03
+2.362000E-03,-1.487437170E+00,-478.015080E-03
+2.364500E-03,-1.527638175E+00,-478.015080E-03
+2.367000E-03,-1.487437170E+00,-277.010053E-03
+2.369500E-03,-1.487437170E+00,-277.010053E-03
+2.372000E-03,-1.527638175E+00,-277.010053E-03
+2.374500E-03,-1.487437170E+00,-76.005027E-03
+2.377000E-03,-1.487437170E+00,-277.010053E-03
+2.379500E-03,-1.527638175E+00,-277.010053E-03
+2.382000E-03,-1.527638175E+00,-478.015080E-03
+2.384500E-03,-1.527638175E+00,-478.015080E-03
+2.387000E-03,-1.527638175E+00,-277.010054E-03
+2.389500E-03,-1.487437170E+00,-478.015080E-03
+2.392000E-03,-1.527638175E+00,-76.005027E-03
+2.394500E-03,-1.527638175E+00,-76.005027E-03
+2.397000E-03,-1.527638175E+00,-76.005027E-03
+2.399500E-03,-1.567839179E+00,-277.010053E-03
+2.402000E-03,-1.527638175E+00,-277.010053E-03
+2.404500E-03,-1.567839179E+00,-76.005027E-03
+2.407000E-03,-1.567839179E+00,-277.010053E-03
+2.409500E-03,-1.527638175E+00,-277.010053E-03
+2.412000E-03,-1.527638175E+00,-277.010053E-03
+2.414500E-03,-1.567839179E+00,-76.005027E-03
+2.417000E-03,-1.527638175E+00,-277.010053E-03
+2.419500E-03,-1.567839179E+00,-277.010053E-03
+2.422000E-03,-1.567839179E+00,-76.005027E-03
+2.424500E-03,-1.567839179E+00,-277.010053E-03
+2.427000E-03,-1.527638175E+00,-76.005027E-03
+2.429500E-03,-1.608040184E+00,-277.010053E-03
+2.432000E-03,-1.567839179E+00,-277.010053E-03
+2.434500E-03,-1.608040184E+00,-277.010053E-03
+2.437000E-03,-1.567839179E+00,-277.010053E-03
+2.439500E-03,-1.567839179E+00,-76.005027E-03
+2.442000E-03,-1.608040184E+00,-277.010053E-03
+2.444500E-03,-1.608040184E+00,-76.005027E-03
+2.447000E-03,-1.567839179E+00,-76.005027E-03
+2.449500E-03,-1.608040184E+00,-76.005027E-03
+2.452000E-03,-1.608040184E+00,-277.010053E-03
+2.454500E-03,-1.567839179E+00,-76.005027E-03
+2.457000E-03,-1.608040184E+00,-277.010053E-03
+2.459500E-03,-1.608040184E+00,-76.005027E-03
+2.462000E-03,-1.608040184E+00,-76.005027E-03
+2.464500E-03,-1.648241188E+00,+125.000000E-03
+2.467000E-03,-1.608040184E+00,-76.005027E-03
+2.469500E-03,-1.608040184E+00,-76.005027E-03
+2.472000E-03,-1.608040184E+00,-277.010053E-03
+2.474500E-03,-1.608040184E+00,-76.005027E-03
+2.477000E-03,-1.608040184E+00,-277.010053E-03
+2.479500E-03,-1.648241188E+00,-277.010053E-03
+2.482000E-03,-1.608040184E+00,-277.010053E-03
+2.484500E-03,-1.608040184E+00,-76.005027E-03
+2.487000E-03,-1.608040184E+00,-76.005027E-03
+2.489500E-03,-1.608040184E+00,-277.010053E-03
+2.492000E-03,-1.648241188E+00,-76.005027E-03
+2.494500E-03,-1.608040184E+00,-76.005027E-03
+2.497000E-03,-1.608040184E+00,-76.005027E-03
+2.499500E-03,-1.648241188E+00,-76.005027E-03
