x-axis,1
second,Volt
-2.574000E-03,
-2.571500E-03,
-2.569000E-03,+3.456873070E+00
-2.566500E-03,+3.354081594E+00
-2.564000E-03,+3.248503686E+00
-2.561500E-03,+3.143666992E+00
-2.559000E-03,+3.035149379E+00
-2.556500E-03,+2.930581523E+00
-2.554000E-03,+2.824011153E+00
-2.551500E-03,+2.715242291E+00
-2.549000E-03,+2.602491009E+00
-2.546500E-03,+2.491194512E+00
-2.544000E-03,+2.381450777E+00
-2.541500E-03,+2.271116568E+00
-2.539000E-03,+2.156528601E+00
-2.536500E-03,+2.043109066E+00
-2.534000E-03,+1.931870333E+00
-2.531500E-03,+1.814649161E+00
-2.529000E-03,+1.698777311E+00
-2.526500E-03,+1.585061206E+00
-2.524000E-03,+1.469176745E+00
-2.521500E-03,+1.349093834E+00
-2.519000E-03,+1.237674317E+00
-2.516500E-03,+1.119475754E+00
-2.514000E-03,+1.000151626E+00
-2.511500E-03,+877.694329E-03
-2.509000E-03,+762.822445E-03
-2.506500E-03,+643.430450E-03
-2.504000E-03,+526.907805E-03
-2.501500E-03,+408.066122E-03
-2.499000E-03,+291.784700E-03
-2.496500E-03,+176.289732E-03
-2.494000E-03,+66.106248E-03
-2.491500E-03,-49.260591E-03
-2.489000E-03,-172.406436E-03
-2.486500E-03,-291.406364E-03
-2.484000E-03,-408.293335E-03
-2.481500E-03,-524.956710E-03
-2.479000E-03,-642.162680E-03
-2.476500E-03,-758.758210E-03
-2.474000E-03,-879.187934E-03
-2.471500E-03,-999.024674E-03
-2.469000E-03,-1.114806085E+00
-2.466500E-03,-1.237032058E+00
-2.464000E-03,-1.355185380E+00
-2.461500E-03,-1.469795949E+00
-2.459000E-03,-1.587404168E+00
-2.456500E-03,-1.704348841E+00
-2.454000E-03,-1.815776030E+00
-2.451500E-03,-1.932137913E+00
-2.449000E-03,-2.047994698E+00
-2.446500E-03,-2.159876646E+00
-2.444000E-03,-2.277459473E+00
-2.441500E-03,-2.394836554E+00
-2.439000E-03,-2.503135358E+00
-2.436500E-03,-2.618617900E+00
-2.434000E-03,-2.730592668E+00
-2.431500E-03,-2.840198362E+00
-2.429000E-03,-2.950783689E+00
-2.426500E-03,-3.058032451E+00
-2.424000E-03,-3.158590099E+00
-2.421500E-03,-3.262889316E+00
-2.419000E-03,-3.370306256E+00
-2.416500E-03,-3.476969659E+00
-2.414000E-03,-3.582238653E+00
-2.411500E-03,-3.686424148E+00
-2.409000E-03,-3.792869070E+00
-2.406500E-03,-3.896138030E+00
-2.404000E-03,-3.998057670E+00
-2.401500E-03,-4.097577814E+00
-2.399000E-03,-4.195371549E+00
-2.396500E-03,-4.293002297E+00
-2.394000E-03,-4.390127776E+00
-2.391500E-03,-4.483158049E+00
-2.389000E-03,-4.571155537E+00
-2.386500E-03,-4.664381639E+00
-2.384000E-03,-4.759017330E+00
-2.381500E-03,-4.843607810E+00
-2.379000E-03,-4.931376535E+00
-2.376500E-03,-5.020529947E+00
-2.374000E-03,-5.109135261E+00
-2.371500E-03,-5.192107618E+00
-2.369000E-03,-5.274356527E+00
-2.366500E-03,-5.353695594E+00
-2.364000E-03,-5.435713256E+00
-2.361500E-03,-5.512866550E+00
-2.359000E-03,-5.590072820E+00
-2.356500E-03,-5.662424230E+00
-2.354000E-03,-5.733328679E+00
-2.351500E-03,-5.804125272E+00
-2.349000E-03,-5.872281027E+00
-2.346500E-03,-5.945311239E+00
-2.344000E-03,-6.009195550E+00
-2.341500E-03,-6.074471941E+00
-2.339000E-03,-6.136328680E+00
-2.336500E-03,-6.198557440E+00
-2.334000E-03,-6.261843773E+00
-2.331500E-03,-6.318220647E+00
-2.329000E-03,-6.371881385E+00
-2.326500E-03,-6.426248303E+00
-2.324000E-03,-6.479062477E+00
-2.321500E-03,-6.530507114E+00
-2.319000E-03,-6.578989398E+00
-2.316500E-03,-6.626688133E+00
-2.314000E-03,-6.673873776E+00
-2.311500E-03,-6.720918849E+00
-2.309000E-03,-6.762730775E+00
-2.306500E-03,-6.805298439E+00
-2.304000E-03,-6.843537078E+00
-2.301500E-03,-6.883529360E+00
-2.299000E-03,-6.922057254E+00
-2.296500E-03,-6.957293378E+00
-2.294000E-03,-6.992177636E+00
-2.291500E-03,-7.026303183E+00
-2.289000E-03,-7.056705306E+00
-2.286500E-03,-7.087547129E+00
-2.284000E-03,-7.114652309E+00
-2.281500E-03,-7.141896120E+00
-2.279000E-03,-7.167933677E+00
-2.276500E-03,-7.189640209E+00
-2.274000E-03,-7.215378383E+00
-2.271500E-03,-7.236076740E+00
-2.269000E-03,-7.257684898E+00
-2.266500E-03,-7.281755134E+00
-2.264000E-03,-7.301456093E+00
-2.261500E-03,-7.319365499E+00
-2.259000E-03,-7.336933602E+00
-2.256500E-03,-7.355189716E+00
-2.254000E-03,-7.372165153E+00
-2.251500E-03,-7.385212503E+00
-2.249000E-03,-7.403380921E+00
-2.246500E-03,-7.416182431E+00
-2.244000E-03,-7.431488613E+00
-2.241500E-03,-7.433038382E+00
-2.239000E-03,-7.416686646E+00
-2.236500E-03,-7.404448129E+00
-2.234000E-03,-7.389270047E+00
-2.231500E-03,-7.373940169E+00
-2.229000E-03,-7.357433153E+00
-2.226500E-03,-7.340136617E+00
-2.224000E-03,-7.321123625E+00
-2.221500E-03,-7.301224526E+00
-2.219000E-03,-7.282492962E+00
-2.216500E-03,-7.262452948E+00
-2.214000E-03,-7.240942674E+00
-2.211500E-03,-7.218679044E+00
-2.209000E-03,-7.191719102E+00
-2.206500E-03,-7.168799472E+00
-2.204000E-03,-7.144075991E+00
-2.201500E-03,-7.116045466E+00
-2.199000E-03,-7.091849624E+00
-2.196500E-03,-7.060038263E+00
-2.194000E-03,-7.031495110E+00
-2.191500E-03,-6.996420019E+00
-2.189000E-03,-6.963231071E+00
-2.186500E-03,-6.925595622E+00
-2.184000E-03,-6.886839334E+00
-2.181500E-03,-6.848592767E+00
-2.179000E-03,-6.806884669E+00
-2.176500E-03,-6.769130651E+00
-2.174000E-03,-6.723648354E+00
-2.171500E-03,-6.680437016E+00
-2.169000E-03,-6.635303563E+00
-2.166500E-03,-6.587030027E+00
-2.164000E-03,-6.537421760E+00
-2.161500E-03,-6.490193707E+00
-2.159000E-03,-6.436537447E+00
-2.156500E-03,-6.379705876E+00
-2.154000E-03,-6.327283854E+00
-2.151500E-03,-6.271409023E+00
-2.149000E-03,-6.209687908E+00
-2.146500E-03,-6.148871479E+00
-2.144000E-03,-6.086097700E+00
-2.141500E-03,-6.022434077E+00
-2.139000E-03,-5.958248205E+00
-2.136500E-03,-5.887991713E+00
-2.134000E-03,-5.819094785E+00
-2.131500E-03,-5.750012030E+00
-2.129000E-03,-5.678772850E+00
-2.126500E-03,-5.606129588E+00
-2.124000E-03,-5.531041981E+00
-2.121500E-03,-5.453768102E+00
-2.119000E-03,-5.376129552E+00
-2.116500E-03,-5.294699997E+00
-2.114000E-03,-5.214539288E+00
-2.111500E-03,-5.133946206E+00
-2.109000E-03,-5.044317840E+00
-2.106500E-03,-4.956523464E+00
-2.104000E-03,-4.868092081E+00
-2.101500E-03,-4.786177462E+00
-2.099000E-03,-4.694360177E+00
-2.096500E-03,-4.601232022E+00
-2.094000E-03,-4.514578779E+00
-2.091500E-03,-4.421174427E+00
-2.089000E-03,-4.324289992E+00
-2.086500E-03,-4.226848104E+00
-2.084000E-03,-4.129661413E+00
-2.081500E-03,-4.032188960E+00
-2.079000E-03,-3.931168541E+00
-2.076500E-03,-3.833934589E+00
-2.074000E-03,-3.728211566E+00
-2.071500E-03,-3.625075911E+00
-2.069000E-03,-3.519940140E+00
-2.066500E-03,-3.416758715E+00
-2.064000E-03,-3.309397083E+00
-2.061500E-03,-3.200736420E+00
-2.059000E-03,-3.101484911E+00
-2.056500E-03,-2.996648210E+00
-2.054000E-03,-2.886472313E+00
-2.051500E-03,-2.775864016E+00
-2.049000E-03,-2.666552319E+00
-2.046500E-03,-2.555029566E+00
-2.044000E-03,-2.446108126E+00
-2.041500E-03,-2.335562027E+00
-2.039000E-03,-2.220434153E+00
-2.036500E-03,-2.105838986E+00
-2.034000E-03,-1.992741434E+00
-2.031500E-03,-1.871936775E+00
-2.029000E-03,-1.760667704E+00
-2.026500E-03,-1.647423631E+00
-2.024000E-03,-1.530871099E+00
-2.021500E-03,-1.416444749E+00
-2.019000E-03,-1.299776519E+00
-2.016500E-03,-1.182738474E+00
-2.014000E-03,-1.062553086E+00
-2.011500E-03,-945.642877E-03
-2.009000E-03,-829.481796E-03
-2.006500E-03,-707.110484E-03
-2.004000E-03,-589.049555E-03
-2.001500E-03,-475.281351E-03
-1.999000E-03,-360.060494E-03
-1.996500E-03,-241.165122E-03
-1.994000E-03,-121.223293E-03
-1.991500E-03,-6.796096E-03
-1.989000E-03,+105.992866E-03
-1.986500E-03,+216.932220E-03
-1.984000E-03,+333.141140E-03
-1.981500E-03,+448.469985E-03
-1.979000E-03,+568.600699E-03
-1.976500E-03,+683.442698E-03
-1.974000E-03,+802.252358E-03
-1.971500E-03,+916.478785E-03
-1.969000E-03,+1.032805160E+00
-1.966500E-03,+1.155101289E+00
-1.964000E-03,+1.271047888E+00
-1.961500E-03,+1.383631475E+00
-1.959000E-03,+1.504349991E+00
-1.956500E-03,+1.620461320E+00
-1.954000E-03,+1.730411089E+00
-1.951500E-03,+1.846018958E+00
-1.949000E-03,+1.958046184E+00
-1.946500E-03,+2.066302628E+00
-1.944000E-03,+2.176800569E+00
-1.941500E-03,+2.292410851E+00
-1.939000E-03,+2.402056453E+00
-1.936500E-03,+2.513596623E+00
-1.934000E-03,+2.626493577E+00
-1.931500E-03,+2.737513351E+00
-1.929000E-03,+2.843149244E+00
-1.926500E-03,+2.949357953E+00
-1.924000E-03,+3.056024250E+00
-1.921500E-03,+3.159279700E+00
-1.919000E-03,+3.261046500E+00
-1.916500E-03,+3.365654407E+00
-1.914000E-03,+3.466227239E+00
-1.911500E-03,+3.568678145E+00
-1.909000E-03,+3.674485354E+00
-1.906500E-03,+3.772244624E+00
-1.904000E-03,+3.873578965E+00
-1.901500E-03,+3.973332545E+00
-1.899000E-03,+4.072003312E+00
-1.896500E-03,+4.165999672E+00
-1.894000E-03,+4.259475028E+00
-1.891500E-03,+4.352439080E+00
-1.889000E-03,+4.450808858E+00
-1.886500E-03,+4.541562639E+00
-1.884000E-03,+4.631854267E+00
-1.881500E-03,+4.722761209E+00
-1.879000E-03,+4.809291479E+00
-1.876500E-03,+4.892492069E+00
-1.874000E-03,+4.976710512E+00
-1.871500E-03,+5.063630768E+00
-1.869000E-03,+5.145423777E+00
-1.866500E-03,+5.222380910E+00
-1.864000E-03,+5.298750539E+00
-1.861500E-03,+5.375642727E+00
-1.859000E-03,+5.453208230E+00
-1.856500E-03,+5.528406293E+00
-1.854000E-03,+5.599069177E+00
-1.851500E-03,+5.669926136E+00
-1.849000E-03,+5.742987505E+00
-1.846500E-03,+5.813557646E+00
-1.844000E-03,+5.876627225E+00
-1.841500E-03,+5.945015950E+00
-1.839000E-03,+6.006672413E+00
-1.836500E-03,+6.068479351E+00
-1.834000E-03,+6.130300686E+00
-1.831500E-03,+6.185516377E+00
-1.829000E-03,+6.245027293E+00
-1.826500E-03,+6.303210492E+00
-1.824000E-03,+6.357396029E+00
-1.821500E-03,+6.410233126E+00
-1.819000E-03,+6.462188799E+00
-1.816500E-03,+6.510976458E+00
-1.814000E-03,+6.557908161E+00
-1.811500E-03,+6.607036544E+00
-1.809000E-03,+6.651359967E+00
-1.806500E-03,+6.692993139E+00
-1.804000E-03,+6.733055960E+00
-1.801500E-03,+6.774060991E+00
-1.799000E-03,+6.812618964E+00
-1.796500E-03,+6.849257222E+00
-1.794000E-03,+6.886030978E+00
-1.791500E-03,+6.921170666E+00
-1.789000E-03,+6.950161464E+00
-1.786500E-03,+6.982228946E+00
-1.784000E-03,+7.014097812E+00
-1.781500E-03,+7.044137590E+00
-1.779000E-03,+7.072236437E+00
-1.776500E-03,+7.101289757E+00
-1.774000E-03,+7.128298277E+00
-1.771500E-03,+7.150334072E+00
-1.769000E-03,+7.175768687E+00
-1.766500E-03,+7.195954744E+00
-1.764000E-03,+7.215798284E+00
-1.761500E-03,+7.237911539E+00
-1.759000E-03,+7.253736538E+00
-1.756500E-03,+7.273016820E+00
-1.754000E-03,+7.292346849E+00
-1.751500E-03,+7.309597983E+00
-1.749000E-03,+7.327050121E+00
-1.746500E-03,+7.341991764E+00
-1.744000E-03,+7.357710550E+00
-1.741500E-03,+7.358796829E+00
-1.739000E-03,+7.342902162E+00
-1.736500E-03,+7.325786838E+00
-1.734000E-03,+7.308876643E+00
-1.731500E-03,+7.290168549E+00
-1.729000E-03,+7.273391450E+00
-1.726500E-03,+7.252012570E+00
-1.724000E-03,+7.230718270E+00
-1.721500E-03,+7.208595478E+00
-1.719000E-03,+7.188647450E+00
-1.716500E-03,+7.164952585E+00
-1.714000E-03,+7.139328872E+00
-1.711500E-03,+7.114652458E+00
-1.709000E-03,+7.085298913E+00
-1.706500E-03,+7.052654960E+00
-1.704000E-03,+7.024315959E+00
-1.701500E-03,+6.992074346E+00
-1.699000E-03,+6.962650524E+00
-1.696500E-03,+6.930285659E+00
-1.694000E-03,+6.897190108E+00
-1.691500E-03,+6.859754955E+00
-1.689000E-03,+6.822971709E+00
-1.686500E-03,+6.781523922E+00
-1.684000E-03,+6.741393194E+00
-1.681500E-03,+6.700106687E+00
-1.679000E-03,+6.658779428E+00
-1.676500E-03,+6.613850047E+00
-1.674000E-03,+6.566765304E+00
-1.671500E-03,+6.518681274E+00
-1.669000E-03,+6.469821760E+00
-1.666500E-03,+6.416656619E+00
-1.664000E-03,+6.366218586E+00
-1.661500E-03,+6.309890343E+00
-1.659000E-03,+6.250731341E+00
-1.656500E-03,+6.189798254E+00
-1.654000E-03,+6.132899948E+00
-1.651500E-03,+6.072374317E+00
-1.649000E-03,+6.010967273E+00
-1.646500E-03,+5.948012275E+00
-1.644000E-03,+5.882179095E+00
-1.641500E-03,+5.812848580E+00
-1.639000E-03,+5.743347063E+00
-1.636500E-03,+5.668869956E+00
-1.634000E-03,+5.596097941E+00
-1.631500E-03,+5.528612138E+00
-1.629000E-03,+5.448866476E+00
-1.626500E-03,+5.372057785E+00
-1.624000E-03,+5.295529481E+00
-1.621500E-03,+5.217632558E+00
-1.619000E-03,+5.138124129E+00
-1.616500E-03,+5.055132169E+00
-1.614000E-03,+4.967463373E+00
-1.611500E-03,+4.883237896E+00
-1.609000E-03,+4.800104274E+00
-1.606500E-03,+4.711684441E+00
-1.604000E-03,+4.621045715E+00
-1.601500E-03,+4.530947562E+00
-1.599000E-03,+4.436045313E+00
-1.596500E-03,+4.342180300E+00
-1.594000E-03,+4.246761740E+00
-1.591500E-03,+4.148844792E+00
-1.589000E-03,+4.052378894E+00
-1.586500E-03,+3.949267180E+00
-1.584000E-03,+3.850006470E+00
-1.581500E-03,+3.751751087E+00
-1.579000E-03,+3.653074886E+00
-1.576500E-03,+3.549140350E+00
-1.574000E-03,+3.446675280E+00
-1.571500E-03,+3.341667033E+00
-1.569000E-03,+3.237279848E+00
-1.566500E-03,+3.135659614E+00
-1.564000E-03,+3.028086189E+00
-1.561500E-03,+2.915822507E+00
-1.559000E-03,+2.812269959E+00
-1.556500E-03,+2.704443308E+00
-1.554000E-03,+2.592286413E+00
-1.551500E-03,+2.479053825E+00
-1.549000E-03,+2.370084747E+00
-1.546500E-03,+2.258050724E+00
-1.544000E-03,+2.142776677E+00
-1.541500E-03,+2.032132041E+00
-1.539000E-03,+1.921734721E+00
-1.536500E-03,+1.807456288E+00
-1.534000E-03,+1.687479444E+00
-1.531500E-03,+1.571455533E+00
-1.529000E-03,+1.457701184E+00
-1.526500E-03,+1.335984022E+00
-1.524000E-03,+1.224721811E+00
-1.521500E-03,+1.106250160E+00
-1.519000E-03,+985.906247E-03
-1.516500E-03,+866.858249E-03
-1.514000E-03,+752.038811E-03
-1.511500E-03,+630.820201E-03
-1.509000E-03,+512.908370E-03
-1.506500E-03,+393.788571E-03
-1.504000E-03,+279.996112E-03
-1.501500E-03,+165.473895E-03
-1.499000E-03,+51.851094E-03
-1.496500E-03,-61.001508E-03
-1.494000E-03,-181.320289E-03
-1.491500E-03,-301.240236E-03
-1.489000E-03,-419.860271E-03
-1.486500E-03,-536.105260E-03
-1.484000E-03,-652.274708E-03
-1.481500E-03,-770.777824E-03
-1.479000E-03,-889.205565E-03
-1.476500E-03,-1.011319979E+00
-1.474000E-03,-1.127859460E+00
-1.471500E-03,-1.246524630E+00
-1.469000E-03,-1.361067276E+00
-1.466500E-03,-1.481302792E+00
-1.464000E-03,-1.598933974E+00
-1.461500E-03,-1.717304652E+00
-1.459000E-03,-1.831437636E+00
-1.456500E-03,-1.946440426E+00
-1.454000E-03,-2.058854847E+00
-1.451500E-03,-2.173508219E+00
-1.449000E-03,-2.289300738E+00
-1.446500E-03,-2.403068127E+00
-1.444000E-03,-2.513926225E+00
-1.441500E-03,-2.625734256E+00
-1.439000E-03,-2.737562460E+00
-1.436500E-03,-2.851306634E+00
-1.434000E-03,-2.961758914E+00
-1.431500E-03,-3.067364284E+00
-1.429000E-03,-3.171021096E+00
-1.426500E-03,-3.273199021E+00
-1.424000E-03,-3.381089496E+00
-1.421500E-03,-3.487095424E+00
-1.419000E-03,-3.593956629E+00
-1.416500E-03,-3.698549521E+00
-1.414000E-03,-3.801449214E+00
-1.411500E-03,-3.904314097E+00
-1.409000E-03,-4.007141639E+00
-1.406500E-03,-4.106210571E+00
-1.404000E-03,-4.204293142E+00
-1.401500E-03,-4.302800967E+00
-1.399000E-03,-4.399265717E+00
-1.396500E-03,-4.490992021E+00
-1.394000E-03,-4.581600618E+00
-1.391500E-03,-4.675590944E+00
-1.389000E-03,-4.767627552E+00
-1.386500E-03,-4.852607097E+00
-1.384000E-03,-4.940094545E+00
-1.381500E-03,-5.028904794E+00
-1.379000E-03,-5.116100051E+00
-1.376500E-03,-5.199404543E+00
-1.374000E-03,-5.281696125E+00
-1.371500E-03,-5.361949702E+00
-1.369000E-03,-5.439868014E+00
-1.366500E-03,-5.518812747E+00
-1.364000E-03,-5.593446574E+00
-1.361500E-03,-5.671328588E+00
-1.359000E-03,-5.740049985E+00
-1.356500E-03,-5.811900444E+00
-1.354000E-03,-5.884288304E+00
-1.351500E-03,-5.951875337E+00
-1.349000E-03,-6.017639825E+00
-1.346500E-03,-6.081618072E+00
-1.344000E-03,-6.141182086E+00
-1.341500E-03,-6.206986116E+00
-1.339000E-03,-6.270044906E+00
-1.336500E-03,-6.325646082E+00
-1.334000E-03,-6.380281768E+00
-1.331500E-03,-6.431039709E+00
-1.329000E-03,-6.484204182E+00
-1.326500E-03,-6.536639536E+00
-1.324000E-03,-6.585208262E+00
-1.321500E-03,-6.630736389E+00
-1.319000E-03,-6.677564480E+00
-1.316500E-03,-6.722485438E+00
-1.314000E-03,-6.765983031E+00
-1.311500E-03,-6.809029223E+00
-1.309000E-03,-6.849218645E+00
-1.306500E-03,-6.887714774E+00
-1.304000E-03,-6.925981110E+00
-1.301500E-03,-6.960727542E+00
-1.299000E-03,-6.996843321E+00
-1.296500E-03,-7.027866038E+00
-1.294000E-03,-7.059862545E+00
-1.291500E-03,-7.089972806E+00
-1.289000E-03,-7.116350584E+00
-1.286500E-03,-7.144376408E+00
-1.284000E-03,-7.168115833E+00
-1.281500E-03,-7.194153922E+00
-1.279000E-03,-7.218588599E+00
-1.276500E-03,-7.242313635E+00
-1.274000E-03,-7.262704084E+00
-1.271500E-03,-7.281849816E+00
-1.269000E-03,-7.302822282E+00
-1.266500E-03,-7.321102988E+00
-1.264000E-03,-7.339773139E+00
-1.261500E-03,-7.355386407E+00
-1.259000E-03,-7.373329429E+00
-1.256500E-03,-7.390360777E+00
-1.254000E-03,-7.402951535E+00
-1.251500E-03,-7.417041377E+00
-1.249000E-03,-7.432353649E+00
-1.246500E-03,-7.430151317E+00
-1.244000E-03,-7.417541331E+00
-1.241500E-03,-7.401581168E+00
-1.239000E-03,-7.386220433E+00
-1.236500E-03,-7.372246481E+00
-1.234000E-03,-7.353651968E+00
-1.231500E-03,-7.335986858E+00
-1.229000E-03,-7.318181771E+00
-1.226500E-03,-7.298243548E+00
-1.224000E-03,-7.280426651E+00
-1.221500E-03,-7.257716648E+00
-1.219000E-03,-7.239080120E+00
-1.216500E-03,-7.215429468E+00
-1.214000E-03,-7.192887904E+00
-1.211500E-03,-7.166085033E+00
-1.209000E-03,-7.140904747E+00
-1.206500E-03,-7.115976040E+00
-1.204000E-03,-7.087453317E+00
-1.201500E-03,-7.059193885E+00
-1.199000E-03,-7.026520830E+00
-1.196500E-03,-6.994045420E+00
-1.194000E-03,-6.961393067E+00
-1.191500E-03,-6.922299177E+00
-1.189000E-03,-6.884519424E+00
-1.186500E-03,-6.845664769E+00
-1.184000E-03,-6.803253398E+00
-1.181500E-03,-6.761846892E+00
-1.179000E-03,-6.717615516E+00
-1.176500E-03,-6.674820356E+00
-1.174000E-03,-6.630598023E+00
-1.171500E-03,-6.584232184E+00
-1.169000E-03,-6.532571587E+00
-1.166500E-03,-6.480089817E+00
-1.164000E-03,-6.430380507E+00
-1.161500E-03,-6.375307417E+00
-1.159000E-03,-6.324270373E+00
-1.156500E-03,-6.267506437E+00
-1.154000E-03,-6.206549469E+00
-1.151500E-03,-6.143019854E+00
-1.149000E-03,-6.079344623E+00
-1.146500E-03,-6.018528580E+00
-1.144000E-03,-5.952761689E+00
-1.141500E-03,-5.884071693E+00
-1.139000E-03,-5.814551277E+00
-1.136500E-03,-5.743631893E+00
-1.134000E-03,-5.673251046E+00
-1.131500E-03,-5.604516479E+00
-1.129000E-03,-5.523526851E+00
-1.126500E-03,-5.448012322E+00
-1.124000E-03,-5.368112256E+00
-1.121500E-03,-5.286674947E+00
-1.119000E-03,-5.208139087E+00
-1.116500E-03,-5.124084135E+00
-1.114000E-03,-5.036219239E+00
-1.111500E-03,-4.947780429E+00
-1.109000E-03,-4.862476623E+00
-1.106500E-03,-4.777940871E+00
-1.104000E-03,-4.688560443E+00
-1.101500E-03,-4.591683999E+00
-1.099000E-03,-4.506385913E+00
-1.096500E-03,-4.417288135E+00
-1.094000E-03,-4.319892622E+00
-1.091500E-03,-4.219938287E+00
-1.089000E-03,-4.121988297E+00
-1.086500E-03,-4.024738969E+00
-1.084000E-03,-3.925195209E+00
-1.081500E-03,-3.821274447E+00
-1.079000E-03,-3.718751587E+00
-1.076500E-03,-3.615801591E+00
-1.074000E-03,-3.509506477E+00
-1.071500E-03,-3.406237237E+00
-1.069000E-03,-3.298781785E+00
-1.066500E-03,-3.194746824E+00
-1.064000E-03,-3.092339307E+00
-1.061500E-03,-2.986756259E+00
-1.059000E-03,-2.878133009E+00
-1.056500E-03,-2.764746758E+00
-1.054000E-03,-2.659754685E+00
-1.051500E-03,-2.544321281E+00
-1.049000E-03,-2.436493526E+00
-1.046500E-03,-2.323200289E+00
-1.044000E-03,-2.209659834E+00
-1.041500E-03,-2.094524491E+00
-1.039000E-03,-1.982572684E+00
-1.036500E-03,-1.866390078E+00
-1.034000E-03,-1.751809779E+00
-1.031500E-03,-1.635601951E+00
-1.029000E-03,-1.521304260E+00
-1.026500E-03,-1.406336784E+00
-1.024000E-03,-1.289100098E+00
-1.021500E-03,-1.173983066E+00
-1.019000E-03,-1.053743758E+00
-1.016500E-03,-937.550274E-03
-1.014000E-03,-818.374257E-03
-1.011500E-03,-698.462180E-03
-1.009000E-03,-581.597859E-03
-1.006500E-03,-465.305544E-03
-1.004000E-03,-349.763515E-03
-1.001500E-03,-234.287322E-03
-999.000E-06,-111.847244E-03
-996.500E-06,+1.460276E-03
-994.000E-06,+114.217141E-03
-991.500E-06,+226.808582E-03
-989.000E-06,+341.487723E-03
-986.500E-06,+456.688745E-03
-984.000E-06,+575.200590E-03
-981.500E-06,+693.294980E-03
-979.000E-06,+811.617339E-03
-976.500E-06,+927.614965E-03
-974.000E-06,+1.046507384E+00
-971.500E-06,+1.163838322E+00
-969.000E-06,+1.277857206E+00
-966.500E-06,+1.396171541E+00
-964.000E-06,+1.514261391E+00
-961.500E-06,+1.626358156E+00
-959.000E-06,+1.740815307E+00
-956.500E-06,+1.858201637E+00
-954.000E-06,+1.967807057E+00
-951.500E-06,+2.077515242E+00
-949.000E-06,+2.190271906E+00
-946.500E-06,+2.303304471E+00
-944.000E-06,+2.413473961E+00
-941.500E-06,+2.519852621E+00
-939.000E-06,+2.632249875E+00
-936.500E-06,+2.748574770E+00
-934.000E-06,+2.853888228E+00
-931.500E-06,+2.957590119E+00
-929.000E-06,+3.064943541E+00
-926.500E-06,+3.170449955E+00
-924.000E-06,+3.269223332E+00
-921.500E-06,+3.375910296E+00
-919.000E-06,+3.477737074E+00
-916.500E-06,+3.580937075E+00
-914.000E-06,+3.684362225E+00
-911.500E-06,+3.780207183E+00
-909.000E-06,+3.880455556E+00
-906.500E-06,+3.980239417E+00
-904.000E-06,+4.080933930E+00
-901.500E-06,+4.174669937E+00
-899.000E-06,+4.269660288E+00
-896.500E-06,+4.367534288E+00
-894.000E-06,+4.459088544E+00
-891.500E-06,+4.548591199E+00
-889.000E-06,+4.639111749E+00
-886.500E-06,+4.730209879E+00
-884.000E-06,+4.816293195E+00
-881.500E-06,+4.899845578E+00
-879.000E-06,+4.982486684E+00
-876.500E-06,+5.068006273E+00
-874.000E-06,+5.150664444E+00
-871.500E-06,+5.228283331E+00
-869.000E-06,+5.307436757E+00
-866.500E-06,+5.379478136E+00
-864.000E-06,+5.458151263E+00
-861.500E-06,+5.533262089E+00
-859.000E-06,+5.603098782E+00
-856.500E-06,+5.675003182E+00
-854.000E-06,+5.747716759E+00
-851.500E-06,+5.819185291E+00
-849.000E-06,+5.883327862E+00
-846.500E-06,+5.948372966E+00
-844.000E-06,+6.012937769E+00
-841.500E-06,+6.075733461E+00
-839.000E-06,+6.133025728E+00
-836.500E-06,+6.190285706E+00
-834.000E-06,+6.249104809E+00
-831.500E-06,+6.307911789E+00
-829.000E-06,+6.362640806E+00
-826.500E-06,+6.413930298E+00
-824.000E-06,+6.465325675E+00
-821.500E-06,+6.513936152E+00
-819.000E-06,+6.561519832E+00
-816.500E-06,+6.607266207E+00
-814.000E-06,+6.652704558E+00
-811.500E-06,+6.697278108E+00
-809.000E-06,+6.738323069E+00
-806.500E-06,+6.777302568E+00
-804.000E-06,+6.818029854E+00
-801.500E-06,+6.855201477E+00
-799.000E-06,+6.888626845E+00
-796.500E-06,+6.921655359E+00
-794.000E-06,+6.953794652E+00
-791.500E-06,+6.984252081E+00
-789.000E-06,+7.014964555E+00
-786.500E-06,+7.046675340E+00
-784.000E-06,+7.074090499E+00
-781.500E-06,+7.103549444E+00
-779.000E-06,+7.126715969E+00
-776.500E-06,+7.152729249E+00
-774.000E-06,+7.175124279E+00
-771.500E-06,+7.196563147E+00
-769.000E-06,+7.219137682E+00
-766.500E-06,+7.238669932E+00
-764.000E-06,+7.258523792E+00
-761.500E-06,+7.275498248E+00
-759.000E-06,+7.292350848E+00
-756.500E-06,+7.308873185E+00
-754.000E-06,+7.324969917E+00
-751.500E-06,+7.341875831E+00
-749.000E-06,+7.358749799E+00
-746.500E-06,+7.360231045E+00
-744.000E-06,+7.343313275E+00
-741.500E-06,+7.322280073E+00
-739.000E-06,+7.306620227E+00
-736.500E-06,+7.289288000E+00
-734.000E-06,+7.268999053E+00
-731.500E-06,+7.250227168E+00
-729.000E-06,+7.229532564E+00
-726.500E-06,+7.209895460E+00
-724.000E-06,+7.187763431E+00
-721.500E-06,+7.160474857E+00
-719.000E-06,+7.139581380E+00
-716.500E-06,+7.109381882E+00
-714.000E-06,+7.082515187E+00
-711.500E-06,+7.050908577E+00
-709.000E-06,+7.022542529E+00
-706.500E-06,+6.990607850E+00
-704.000E-06,+6.957445745E+00
-701.500E-06,+6.928778839E+00
-699.000E-06,+6.892919394E+00
-696.500E-06,+6.858213557E+00
-694.000E-06,+6.820235388E+00
-691.500E-06,+6.779219339E+00
-689.000E-06,+6.740094237E+00
-686.500E-06,+6.697281656E+00
-684.000E-06,+6.654267338E+00
-681.500E-06,+6.609023430E+00
-679.000E-06,+6.563090825E+00
-676.500E-06,+6.515531685E+00
-674.000E-06,+6.464081077E+00
-671.500E-06,+6.415237558E+00
-669.000E-06,+6.361567742E+00
-666.500E-06,+6.305214653E+00
-664.000E-06,+6.246856672E+00
-661.500E-06,+6.188147679E+00
-659.000E-06,+6.130615898E+00
-656.500E-06,+6.069388426E+00
-654.000E-06,+6.008367871E+00
-651.500E-06,+5.942717554E+00
-649.000E-06,+5.874256857E+00
-646.500E-06,+5.807552004E+00
-644.000E-06,+5.737850545E+00
-641.500E-06,+5.662325094E+00
-639.000E-06,+5.593534093E+00
-636.500E-06,+5.520299521E+00
-634.000E-06,+5.447335406E+00
-631.500E-06,+5.365929107E+00
-629.000E-06,+5.289180652E+00
-626.500E-06,+5.211434522E+00
-624.000E-06,+5.131856468E+00
-621.500E-06,+5.049478411E+00
-619.000E-06,+4.961018497E+00
-616.500E-06,+4.877801654E+00
-614.000E-06,+4.793993601E+00
-611.500E-06,+4.704726653E+00
-609.000E-06,+4.614568500E+00
-606.500E-06,+4.526115923E+00
-604.000E-06,+4.434707357E+00
-601.500E-06,+4.337595341E+00
-599.000E-06,+4.240452950E+00
-596.500E-06,+4.143994886E+00
-594.000E-06,+4.044782675E+00
-591.500E-06,+3.947485872E+00
-589.000E-06,+3.843969798E+00
-586.500E-06,+3.745186847E+00
-584.000E-06,+3.644523208E+00
-581.500E-06,+3.539957616E+00
-579.000E-06,+3.438155267E+00
-576.500E-06,+3.333696887E+00
-574.000E-06,+3.228069498E+00
-571.500E-06,+3.128682855E+00
-569.000E-06,+3.022123505E+00
-566.500E-06,+2.914008681E+00
-564.000E-06,+2.808341406E+00
-561.500E-06,+2.694992298E+00
-559.000E-06,+2.579891003E+00
-556.500E-06,+2.470903394E+00
-554.000E-06,+2.362887523E+00
-551.500E-06,+2.251821866E+00
-549.000E-06,+2.134393603E+00
-546.500E-06,+2.022101973E+00
-544.000E-06,+1.912580761E+00
-541.500E-06,+1.801951035E+00
-539.000E-06,+1.685163329E+00
-536.500E-06,+1.566637080E+00
-534.000E-06,+1.452895702E+00
-531.500E-06,+1.329226397E+00
-529.000E-06,+1.215373990E+00
-526.500E-06,+1.097305658E+00
-524.000E-06,+977.854798E-03
-521.500E-06,+861.545436E-03
-519.000E-06,+742.924343E-03
-516.500E-06,+623.602537E-03
-514.000E-06,+505.657635E-03
-511.500E-06,+387.616809E-03
-509.000E-06,+270.882521E-03
-506.500E-06,+159.140663E-03
-504.000E-06,+46.992406E-03
-501.500E-06,-67.696531E-03
-499.000E-06,-189.590745E-03
-496.500E-06,-309.752480E-03
-494.000E-06,-426.030109E-03
-491.500E-06,-543.846387E-03
-489.000E-06,-658.972030E-03
-486.500E-06,-775.899341E-03
-484.000E-06,-901.036162E-03
-481.500E-06,-1.019005383E+00
-479.000E-06,-1.135508557E+00
-476.500E-06,-1.253403207E+00
-474.000E-06,-1.373156583E+00
-471.500E-06,-1.488887434E+00
-469.000E-06,-1.603971583E+00
-466.500E-06,-1.722679570E+00
-464.000E-06,-1.836040669E+00
-461.500E-06,-1.953663312E+00
-459.000E-06,-2.068350886E+00
-456.500E-06,-2.182635639E+00
-454.000E-06,-2.298292742E+00
-451.500E-06,-2.411907031E+00
-449.000E-06,-2.521420922E+00
-446.500E-06,-2.635931538E+00
-444.000E-06,-2.747565264E+00
-441.500E-06,-2.856002581E+00
-439.000E-06,-2.966470968E+00
-436.500E-06,-3.075491908E+00
-434.000E-06,-3.177219046E+00
-431.500E-06,-3.281924104E+00
-429.000E-06,-3.393703380E+00
-426.500E-06,-3.495016773E+00
-424.000E-06,-3.602482111E+00
-421.500E-06,-3.706191169E+00
-419.000E-06,-3.811536094E+00
-416.500E-06,-3.911109806E+00
-414.000E-06,-4.011478504E+00
-411.500E-06,-4.112309012E+00
-409.000E-06,-4.209375865E+00
-406.500E-06,-4.309296145E+00
-404.000E-06,-4.405052437E+00
-401.500E-06,-4.497728837E+00
-399.000E-06,-4.587471566E+00
-396.500E-06,-4.675385813E+00
-394.000E-06,-4.771509107E+00
-391.500E-06,-4.857373776E+00
-389.000E-06,-4.942883669E+00
-386.500E-06,-5.031849179E+00
-384.000E-06,-5.121724406E+00
-381.500E-06,-5.204402959E+00
-379.000E-06,-5.284177684E+00
-376.500E-06,-5.367038996E+00
-374.000E-06,-5.447735157E+00
-371.500E-06,-5.523582919E+00
-369.000E-06,-5.600828277E+00
-366.500E-06,-5.676320407E+00
-364.000E-06,-5.741432629E+00
-361.500E-06,-5.815788828E+00
-359.000E-06,-5.885687484E+00
-356.500E-06,-5.955225304E+00
-354.000E-06,-6.019293493E+00
-351.500E-06,-6.082725320E+00
-349.000E-06,-6.146313499E+00
-346.500E-06,-6.208374265E+00
-344.000E-06,-6.270897231E+00
-341.500E-06,-6.328501220E+00
-339.000E-06,-6.382274854E+00
-336.500E-06,-6.434075652E+00
-334.000E-06,-6.484345561E+00
-331.500E-06,-6.537538249E+00
-329.000E-06,-6.587105486E+00
-326.500E-06,-6.635432909E+00
-324.000E-06,-6.680899906E+00
-321.500E-06,-6.725884317E+00
-319.000E-06,-6.768940548E+00
-316.500E-06,-6.809935625E+00
-314.000E-06,-6.850482326E+00
-311.500E-06,-6.891677964E+00
-309.000E-06,-6.926634209E+00
-306.500E-06,-6.963721805E+00
-304.000E-06,-6.997122881E+00
-301.500E-06,-7.028633874E+00
-299.000E-06,-7.062055756E+00
-296.500E-06,-7.090260971E+00
-294.000E-06,-7.118045597E+00
-291.500E-06,-7.141667612E+00
-289.000E-06,-7.170727967E+00
-286.500E-06,-7.192710734E+00
-284.000E-06,-7.216908390E+00
-281.500E-06,-7.242359474E+00
-279.000E-06,-7.262676100E+00
-276.500E-06,-7.283167327E+00
-274.000E-06,-7.302992337E+00
-271.500E-06,-7.323674161E+00
-269.000E-06,-7.342679162E+00
-266.500E-06,-7.355248831E+00
-264.000E-06,-7.374622472E+00
-261.500E-06,-7.389835152E+00
-259.000E-06,-7.405365320E+00
-256.500E-06,-7.414988589E+00
-254.000E-06,-7.429467788E+00
-251.500E-06,-7.427158752E+00
-249.000E-06,-7.416780971E+00
-246.500E-06,-7.400816147E+00
-244.000E-06,-7.385760329E+00
-241.500E-06,-7.367904262E+00
-239.000E-06,-7.356404080E+00
-236.500E-06,-7.335599158E+00
-234.000E-06,-7.317277367E+00
-231.500E-06,-7.297564157E+00
-229.000E-06,-7.280137725E+00
-226.500E-06,-7.259622645E+00
-224.000E-06,-7.237357939E+00
-221.500E-06,-7.211963620E+00
-219.000E-06,-7.190565751E+00
-216.500E-06,-7.165620630E+00
-214.000E-06,-7.138482467E+00
-211.500E-06,-7.112477438E+00
-209.000E-06,-7.087421976E+00
-206.500E-06,-7.054275149E+00
-204.000E-06,-7.022771900E+00
-201.500E-06,-6.991044667E+00
-199.000E-06,-6.956169972E+00
-196.500E-06,-6.919441822E+00
-194.000E-06,-6.883237931E+00
-191.500E-06,-6.841491693E+00
-189.000E-06,-6.804703476E+00
-186.500E-06,-6.759094631E+00
-184.000E-06,-6.716208239E+00
-181.500E-06,-6.672774294E+00
-179.000E-06,-6.627871722E+00
-176.500E-06,-6.579837646E+00
-174.000E-06,-6.528821269E+00
-171.500E-06,-6.480862571E+00
-169.000E-06,-6.425915245E+00
-166.500E-06,-6.373366839E+00
-164.000E-06,-6.319449374E+00
-161.500E-06,-6.262786792E+00
-159.000E-06,-6.202477925E+00
-156.500E-06,-6.137619456E+00
-154.000E-06,-6.077100092E+00
-151.500E-06,-6.015212589E+00
-149.000E-06,-5.949657012E+00
-146.500E-06,-5.881604904E+00
-144.000E-06,-5.807887504E+00
-141.500E-06,-5.739654575E+00
-139.000E-06,-5.669921460E+00
-136.500E-06,-5.594445004E+00
-134.000E-06,-5.518335707E+00
-131.500E-06,-5.444330294E+00
-129.000E-06,-5.362853083E+00
-126.500E-06,-5.284405398E+00
-124.000E-06,-5.203680070E+00
-121.500E-06,-5.119033952E+00
-119.000E-06,-5.032568359E+00
-116.500E-06,-4.940175958E+00
-114.000E-06,-4.855645038E+00
-111.500E-06,-4.775003139E+00
-109.000E-06,-4.682764099E+00
-106.500E-06,-4.586562090E+00
-104.000E-06,-4.501368649E+00
-101.500E-06,-4.410095755E+00
-99.000E-06,-4.311127067E+00
-96.500E-06,-4.213697212E+00
-94.000E-06,-4.119100161E+00
-91.500E-06,-4.018115029E+00
-89.000E-06,-3.920232698E+00
-86.500E-06,-3.816147640E+00
-84.000E-06,-3.714805744E+00
-81.500E-06,-3.610295678E+00
-79.000E-06,-3.504726079E+00
-76.500E-06,-3.399237279E+00
-74.000E-06,-3.292054424E+00
-71.500E-06,-3.188542038E+00
-69.000E-06,-3.085609472E+00
-66.500E-06,-2.984895698E+00
-64.000E-06,-2.874300010E+00
-61.500E-06,-2.759384840E+00
-59.000E-06,-2.650306158E+00
-56.500E-06,-2.538462685E+00
-54.000E-06,-2.428489734E+00
-51.500E-06,-2.316547699E+00
-49.000E-06,-2.201943499E+00
-46.500E-06,-2.090285189E+00
-44.000E-06,-1.975407701E+00
-41.500E-06,-1.858005086E+00
-39.000E-06,-1.746546635E+00
-36.500E-06,-1.631204155E+00
-34.000E-06,-1.516564218E+00
-31.500E-06,-1.396612494E+00
-29.000E-06,-1.283524144E+00
-26.500E-06,-1.164528326E+00
-24.000E-06,-1.046729745E+00
-21.500E-06,-931.192476E-03
-19.000E-06,-810.017912E-03
-16.500E-06,-690.988336E-03
-14.000E-06,-575.421861E-03
-11.500E-06,-460.918149E-03
-9.000E-06,-344.579134E-03
-6.500E-06,-226.553597E-03
-4.000E-06,-109.399981E-03
-1.500E-06,+7.772276E-03
+1.000E-06,+119.897522E-03
+3.500E-06,+231.330563E-03
+6.000E-06,+347.509624E-03
+8.500E-06,+464.916350E-03
+11.000E-06,+582.960796E-03
+13.500E-06,+699.820108E-03
+16.000E-06,+815.459828E-03
+18.500E-06,+931.994505E-03
+21.000E-06,+1.052477021E+00
+23.500E-06,+1.169475638E+00
+26.000E-06,+1.285996758E+00
+28.500E-06,+1.400307934E+00
+31.000E-06,+1.516872074E+00
+33.500E-06,+1.635090383E+00
+36.000E-06,+1.748320046E+00
+38.500E-06,+1.865814835E+00
+41.000E-06,+1.976039785E+00
+43.500E-06,+2.084109349E+00
+46.000E-06,+2.195899524E+00
+48.500E-06,+2.309451700E+00
+51.000E-06,+2.418071917E+00
+53.500E-06,+2.525766618E+00
+56.000E-06,+2.640071468E+00
+58.500E-06,+2.750387743E+00
+61.000E-06,+2.855409765E+00
+63.500E-06,+2.965857904E+00
+66.000E-06,+3.074173414E+00
+68.500E-06,+3.176011812E+00
+71.000E-06,+3.275988742E+00
+73.500E-06,+3.382519382E+00
+76.000E-06,+3.484631994E+00
+78.500E-06,+3.587866966E+00
+81.000E-06,+3.688119262E+00
+83.500E-06,+3.785081237E+00
+86.000E-06,+3.884371427E+00
+88.500E-06,+3.983631313E+00
+91.000E-06,+4.084186193E+00
+93.500E-06,+4.181005715E+00
+96.000E-06,+4.274832114E+00
+98.500E-06,+4.371505127E+00
+101.000E-06,+4.463732960E+00
+103.500E-06,+4.552331206E+00
+106.000E-06,+4.645023825E+00
+108.500E-06,+4.733781153E+00
+111.000E-06,+4.820632098E+00
+113.500E-06,+4.902337520E+00
+116.000E-06,+4.985453111E+00
+118.500E-06,+5.073557198E+00
+121.000E-06,+5.157203562E+00
+123.500E-06,+5.233183491E+00
+126.000E-06,+5.307872567E+00
+128.500E-06,+5.385245895E+00
+131.000E-06,+5.463009726E+00
+133.500E-06,+5.536340978E+00
+136.000E-06,+5.607251803E+00
+138.500E-06,+5.680548499E+00
+141.000E-06,+5.751561910E+00
+143.500E-06,+5.820264809E+00
+146.000E-06,+5.887329308E+00
+148.500E-06,+5.952506241E+00
+151.000E-06,+6.016184019E+00
+153.500E-06,+6.075892983E+00
+156.000E-06,+6.136125397E+00
+158.500E-06,+6.194653463E+00
+161.000E-06,+6.250595682E+00
+163.500E-06,+6.310449117E+00
+166.000E-06,+6.368038142E+00
+168.500E-06,+6.419280789E+00
+171.000E-06,+6.468397221E+00
+173.500E-06,+6.517748140E+00
+176.000E-06,+6.564254625E+00
+178.500E-06,+6.612372297E+00
+181.000E-06,+6.657880053E+00
+183.500E-06,+6.695883634E+00
+186.000E-06,+6.737905231E+00
+188.500E-06,+6.779207555E+00
+191.000E-06,+6.816211309E+00
+193.500E-06,+6.855550723E+00
+196.000E-06,+6.890967388E+00
+198.500E-06,+6.925535070E+00
+201.000E-06,+6.957576508E+00
+203.500E-06,+6.987430943E+00
+206.000E-06,+7.016532677E+00
+208.500E-06,+7.045506819E+00
+211.000E-06,+7.076879202E+00
+213.500E-06,+7.101365204E+00
+216.000E-06,+7.129190766E+00
+218.500E-06,+7.154430539E+00
+221.000E-06,+7.176942101E+00
+223.500E-06,+7.198363711E+00
+226.000E-06,+7.220123587E+00
+228.500E-06,+7.238992857E+00
+231.000E-06,+7.260403055E+00
+233.500E-06,+7.277527255E+00
+236.000E-06,+7.294467173E+00
+238.500E-06,+7.311312914E+00
+241.000E-06,+7.327860132E+00
+243.500E-06,+7.343087350E+00
+246.000E-06,+7.357858058E+00
+248.500E-06,+7.358570779E+00
+251.000E-06,+7.340893808E+00
+253.500E-06,+7.322822248E+00
+256.000E-06,+7.305048045E+00
+258.500E-06,+7.285847912E+00
+261.000E-06,+7.267966657E+00
+263.500E-06,+7.249896083E+00
+266.000E-06,+7.230149525E+00
+268.500E-06,+7.207094685E+00
+271.000E-06,+7.184917050E+00
+273.500E-06,+7.163229361E+00
+276.000E-06,+7.134354765E+00
+278.500E-06,+7.110499076E+00
+281.000E-06,+7.082078814E+00
+283.500E-06,+7.051679973E+00
+286.000E-06,+7.020606884E+00
+288.500E-06,+6.988021012E+00
+291.000E-06,+6.958156023E+00
+293.500E-06,+6.924708561E+00
+296.000E-06,+6.891047531E+00
+298.500E-06,+6.855598441E+00
+301.000E-06,+6.818469927E+00
+303.500E-06,+6.779859146E+00
+306.000E-06,+6.736685035E+00
+308.500E-06,+6.695626420E+00
+311.000E-06,+6.653912777E+00
+313.500E-06,+6.605355268E+00
+316.000E-06,+6.560442247E+00
+318.500E-06,+6.508491822E+00
+321.000E-06,+6.461257700E+00
+323.500E-06,+6.409144905E+00
+326.000E-06,+6.354829654E+00
+328.500E-06,+6.301651253E+00
+331.000E-06,+6.243970887E+00
+333.500E-06,+6.185049212E+00
+336.000E-06,+6.125754018E+00
+338.500E-06,+6.066125826E+00
+341.000E-06,+6.005846435E+00
+343.500E-06,+5.937982860E+00
+346.000E-06,+5.869714080E+00
+348.500E-06,+5.803659917E+00
+351.000E-06,+5.734918249E+00
+353.500E-06,+5.658489265E+00
+356.000E-06,+5.587291863E+00
+358.500E-06,+5.517083337E+00
+361.000E-06,+5.440107976E+00
+363.500E-06,+5.358347114E+00
+366.000E-06,+5.284586291E+00
+368.500E-06,+5.208250503E+00
+371.000E-06,+5.126846650E+00
+373.500E-06,+5.042981408E+00
+376.000E-06,+4.957993959E+00
+378.500E-06,+4.876816239E+00
+381.000E-06,+4.791379504E+00
+383.500E-06,+4.700465602E+00
+386.000E-06,+4.610354581E+00
+388.500E-06,+4.517270512E+00
+391.000E-06,+4.426361867E+00
+393.500E-06,+4.329083644E+00
+396.000E-06,+4.233946351E+00
+398.500E-06,+4.138408191E+00
+401.000E-06,+4.040403371E+00
+403.500E-06,+3.939561647E+00
+406.000E-06,+3.839855831E+00
+408.500E-06,+3.738936677E+00
+411.000E-06,+3.638969344E+00
+413.500E-06,+3.535252539E+00
+416.000E-06,+3.431927481E+00
+418.500E-06,+3.326921055E+00
+421.000E-06,+3.223206804E+00
+423.500E-06,+3.122465582E+00
+426.000E-06,+3.013443153E+00
+428.500E-06,+2.905649198E+00
+431.000E-06,+2.798885132E+00
+433.500E-06,+2.690787088E+00
+436.000E-06,+2.580986026E+00
+438.500E-06,+2.463707156E+00
+441.000E-06,+2.354763912E+00
+443.500E-06,+2.241855134E+00
+446.000E-06,+2.127220041E+00
+448.500E-06,+2.015904421E+00
+451.000E-06,+1.905429064E+00
+453.500E-06,+1.792534053E+00
+456.000E-06,+1.674455267E+00
+458.500E-06,+1.562170862E+00
+461.000E-06,+1.442489003E+00
+463.500E-06,+1.328151022E+00
+466.000E-06,+1.211195594E+00
+468.500E-06,+1.088928409E+00
+471.000E-06,+968.882529E-03
+473.500E-06,+853.195642E-03
+476.000E-06,+738.866404E-03
+478.500E-06,+619.974886E-03
+481.000E-06,+500.769235E-03
+483.500E-06,+381.821276E-03
+486.000E-06,+267.721700E-03
+488.500E-06,+153.322659E-03
+491.000E-06,+41.714281E-03
+493.500E-06,-74.869509E-03
+496.000E-06,-197.898346E-03
+498.500E-06,-315.914294E-03
+501.000E-06,-432.412176E-03
+503.500E-06,-548.608030E-03
+506.000E-06,-665.520819E-03
+508.500E-06,-787.328692E-03
+511.000E-06,-905.296758E-03
+513.500E-06,-1.024252871E+00
+516.000E-06,-1.142950426E+00
+518.500E-06,-1.260872313E+00
+521.000E-06,-1.378436334E+00
+523.500E-06,-1.496156375E+00
+526.000E-06,-1.613054927E+00
+528.500E-06,-1.727729152E+00
+531.000E-06,-1.838102464E+00
+533.500E-06,-1.962185394E+00
+536.000E-06,-2.075054996E+00
+538.500E-06,-2.189278983E+00
+541.000E-06,-2.304546418E+00
+543.500E-06,-2.422163936E+00
+546.000E-06,-2.529484841E+00
+548.500E-06,-2.641192198E+00
+551.000E-06,-2.754030206E+00
+553.500E-06,-2.864120573E+00
+556.000E-06,-2.973451525E+00
+558.500E-06,-3.081108770E+00
+561.000E-06,-3.180550371E+00
+563.500E-06,-3.290591313E+00
+566.000E-06,-3.398327995E+00
+568.500E-06,-3.503309365E+00
+571.000E-06,-3.608990618E+00
+573.500E-06,-3.714050607E+00
+576.000E-06,-3.814222862E+00
+578.500E-06,-3.917629427E+00
+581.000E-06,-4.019431599E+00
+583.500E-06,-4.117991753E+00
+586.000E-06,-4.212774149E+00
+588.500E-06,-4.313221158E+00
+591.000E-06,-4.410319553E+00
+593.500E-06,-4.505208942E+00
+596.000E-06,-4.590954630E+00
+598.500E-06,-4.685956669E+00
+601.000E-06,-4.778118287E+00
+603.500E-06,-4.861955601E+00
+606.000E-06,-4.947074376E+00
+608.500E-06,-5.038578679E+00
+611.000E-06,-5.125051356E+00
+613.500E-06,-5.209313847E+00
+616.000E-06,-5.289774995E+00
+618.500E-06,-5.372770227E+00
+621.000E-06,-5.450729791E+00
+623.500E-06,-5.527685562E+00
+626.000E-06,-5.604262431E+00
+628.500E-06,-5.677910482E+00
+631.000E-06,-5.748361518E+00
+633.500E-06,-5.820938923E+00
+636.000E-06,-5.891389176E+00
+638.500E-06,-5.960778881E+00
+641.000E-06,-6.024439481E+00
+643.500E-06,-6.085044521E+00
+646.000E-06,-6.149080449E+00
+648.500E-06,-6.215084240E+00
+651.000E-06,-6.276736964E+00
+653.500E-06,-6.329645800E+00
+656.000E-06,-6.383746560E+00
+658.500E-06,-6.436374211E+00
+661.000E-06,-6.490017435E+00
+663.500E-06,-6.540791063E+00
+666.000E-06,-6.590730270E+00
+668.500E-06,-6.639782028E+00
+671.000E-06,-6.684939589E+00
+673.500E-06,-6.728566985E+00
+676.000E-06,-6.772198138E+00
+678.500E-06,-6.813012979E+00
+681.000E-06,-6.851909965E+00
+683.500E-06,-6.889759219E+00
+686.000E-06,-6.928879074E+00
+688.500E-06,-6.967080588E+00
+691.000E-06,-6.999268534E+00
+693.500E-06,-7.033379338E+00
+696.000E-06,-7.062345175E+00
+698.500E-06,-7.093399195E+00
+701.000E-06,-7.119021317E+00
+703.500E-06,-7.145852967E+00
+706.000E-06,-7.171543403E+00
+708.500E-06,-7.195664532E+00
+711.000E-06,-7.220828592E+00
+713.500E-06,-7.240943665E+00
+716.000E-06,-7.264364026E+00
+718.500E-06,-7.282845197E+00
+721.000E-06,-7.302440650E+00
+723.500E-06,-7.322520575E+00
+726.000E-06,-7.340381624E+00
+728.500E-06,-7.358865532E+00
+731.000E-06,-7.374323075E+00
+733.500E-06,-7.387373839E+00
+736.000E-06,-7.403996446E+00
+738.500E-06,-7.416118839E+00
+741.000E-06,-7.429050704E+00
+743.500E-06,-7.426112451E+00
+746.000E-06,-7.411658653E+00
+748.500E-06,-7.398073529E+00
+751.000E-06,-7.383971488E+00
+753.500E-06,-7.366667210E+00
+756.000E-06,-7.351730022E+00
+758.500E-06,-7.334854878E+00
+761.000E-06,-7.315768677E+00
+763.500E-06,-7.294339223E+00
+766.000E-06,-7.276483465E+00
+768.500E-06,-7.256995831E+00
+771.000E-06,-7.232414395E+00
+773.500E-06,-7.210909557E+00
+776.000E-06,-7.184831147E+00
+778.500E-06,-7.160871860E+00
+781.000E-06,-7.134827147E+00
+783.500E-06,-7.109120336E+00
+786.000E-06,-7.080471132E+00
+788.500E-06,-7.051202464E+00
+791.000E-06,-7.021166068E+00
+793.500E-06,-6.987606197E+00
+796.000E-06,-6.949895916E+00
+798.500E-06,-6.916767163E+00
+801.000E-06,-6.875557751E+00
+803.500E-06,-6.838075672E+00
+806.000E-06,-6.797514936E+00
+808.500E-06,-6.755118727E+00
+811.000E-06,-6.714382182E+00
+813.500E-06,-6.667259743E+00
+816.000E-06,-6.620258267E+00
+818.500E-06,-6.573755326E+00
+821.000E-06,-6.523164868E+00
+823.500E-06,-6.474967309E+00
+826.000E-06,-6.420380564E+00
+828.500E-06,-6.366972733E+00
+831.000E-06,-6.314704780E+00
+833.500E-06,-6.259185757E+00
+836.000E-06,-6.193817452E+00
+838.500E-06,-6.133346660E+00
+841.000E-06,-6.071473477E+00
+843.500E-06,-6.004663774E+00
+846.000E-06,-5.939893864E+00
+848.500E-06,-5.871305511E+00
+851.000E-06,-5.800283288E+00
+853.500E-06,-5.729649183E+00
+856.000E-06,-5.661269776E+00
+858.500E-06,-5.588090050E+00
+861.000E-06,-5.512102208E+00
+863.500E-06,-5.434146629E+00
+866.000E-06,-5.357193422E+00
+868.500E-06,-5.275355275E+00
+871.000E-06,-5.194461975E+00
+873.500E-06,-5.112918742E+00
+876.000E-06,-5.023544213E+00
+878.500E-06,-4.934947276E+00
+881.000E-06,-4.851563873E+00
+883.500E-06,-4.765997886E+00
+886.000E-06,-4.671637243E+00
+888.500E-06,-4.580357801E+00
+891.000E-06,-4.491223979E+00
+893.500E-06,-4.399737599E+00
+896.000E-06,-4.303579133E+00
+898.500E-06,-4.206247729E+00
+901.000E-06,-4.108895154E+00
+903.500E-06,-4.009718287E+00
+906.000E-06,-3.909828726E+00
+908.500E-06,-3.806405700E+00
+911.000E-06,-3.702600497E+00
+913.500E-06,-3.600160610E+00
+916.000E-06,-3.493072477E+00
+918.500E-06,-3.386560257E+00
+921.000E-06,-3.281541755E+00
+923.500E-06,-3.178276755E+00
+926.000E-06,-3.076482853E+00
+928.500E-06,-2.970053376E+00
+931.000E-06,-2.861554872E+00
+933.500E-06,-2.753688561E+00
+936.000E-06,-2.642395192E+00
+938.500E-06,-2.525686013E+00
+941.000E-06,-2.418441933E+00
+943.500E-06,-2.305183338E+00
+946.000E-06,-2.190552322E+00
+948.500E-06,-2.079569211E+00
+951.000E-06,-1.965275291E+00
+953.500E-06,-1.847730319E+00
+956.000E-06,-1.734770166E+00
+958.500E-06,-1.618144855E+00
+961.000E-06,-1.504775277E+00
+963.500E-06,-1.388047044E+00
+966.000E-06,-1.273222908E+00
+968.500E-06,-1.151383258E+00
+971.000E-06,-1.035617505E+00
+973.500E-06,-916.860007E-03
+976.000E-06,-800.232718E-03
+978.500E-06,-682.178744E-03
+981.000E-06,-565.517877E-03
+983.500E-06,-449.568980E-03
+986.000E-06,-334.693219E-03
+988.500E-06,-215.304853E-03
+991.000E-06,-96.604106E-03
+993.500E-06,+20.536688E-03
+996.000E-06,+128.491129E-03
+998.500E-06,+244.721508E-03
+1.001000E-03,+357.847119E-03
+1.003500E-03,+474.738237E-03
+1.006000E-03,+593.637227E-03
+1.008500E-03,+712.842443E-03
+1.011000E-03,+825.494593E-03
+1.013500E-03,+942.008024E-03
+1.016000E-03,+1.062107966E+00
+1.018500E-03,+1.181085091E+00
+1.021000E-03,+1.296707945E+00
+1.023500E-03,+1.409899160E+00
+1.026000E-03,+1.531508606E+00
+1.028500E-03,+1.641277761E+00
+1.031000E-03,+1.756594629E+00
+1.033500E-03,+1.875790934E+00
+1.036000E-03,+1.984507586E+00
+1.038500E-03,+2.094292641E+00
+1.041000E-03,+2.210622068E+00
+1.043500E-03,+2.320700540E+00
+1.046000E-03,+2.430986151E+00
+1.048500E-03,+2.539673216E+00
+1.051000E-03,+2.649969437E+00
+1.053500E-03,+2.763006860E+00
+1.056000E-03,+2.867046797E+00
+1.058500E-03,+2.971008005E+00
+1.061000E-03,+3.079748686E+00
+1.063500E-03,+3.186365101E+00
+1.066000E-03,+3.289159367E+00
+1.068500E-03,+3.393544663E+00
+1.071000E-03,+3.495945269E+00
+1.073500E-03,+3.595563094E+00
+1.076000E-03,+3.698041883E+00
+1.078500E-03,+3.794230385E+00
+1.081000E-03,+3.895857393E+00
+1.083500E-03,+3.994509290E+00
+1.086000E-03,+4.090631293E+00
+1.088500E-03,+4.185587973E+00
+1.091000E-03,+4.281849039E+00
+1.093500E-03,+4.380734323E+00
+1.096000E-03,+4.473404908E+00
+1.098500E-03,+4.562235520E+00
+1.101000E-03,+4.653781292E+00
+1.103500E-03,+4.742947908E+00
+1.106000E-03,+4.826252466E+00
+1.108500E-03,+4.910922850E+00
+1.111000E-03,+4.994804400E+00
+1.113500E-03,+5.083227328E+00
+1.116000E-03,+5.161871976E+00
+1.118500E-03,+5.240365352E+00
+1.121000E-03,+5.314693320E+00
+1.123500E-03,+5.391517397E+00
+1.126000E-03,+5.469431463E+00
+1.128500E-03,+5.544752795E+00
+1.131000E-03,+5.615629858E+00
+1.133500E-03,+5.686068028E+00
+1.136000E-03,+5.756720385E+00
+1.138500E-03,+5.828512995E+00
+1.141000E-03,+5.891013004E+00
+1.143500E-03,+5.959925360E+00
+1.146000E-03,+6.023631399E+00
+1.148500E-03,+6.082535070E+00
+1.151000E-03,+6.144603565E+00
+1.153500E-03,+6.199744205E+00
+1.156000E-03,+6.257219088E+00
+1.158500E-03,+6.317566539E+00
+1.161000E-03,+6.370318745E+00
+1.163500E-03,+6.425272870E+00
+1.166000E-03,+6.472480554E+00
+1.168500E-03,+6.520073813E+00
+1.171000E-03,+6.569728327E+00
+1.173500E-03,+6.614166878E+00
+1.176000E-03,+6.658491874E+00
+1.178500E-03,+6.703769238E+00
+1.181000E-03,+6.742026880E+00
+1.183500E-03,+6.780999631E+00
+1.186000E-03,+6.819767033E+00
+1.188500E-03,+6.858263366E+00
+1.191000E-03,+6.895905426E+00
+1.193500E-03,+6.929401277E+00
+1.196000E-03,+6.958494828E+00
+1.198500E-03,+6.989530777E+00
+1.201000E-03,+7.020442550E+00
+1.203500E-03,+7.050742132E+00
+1.206000E-03,+7.077961895E+00
+1.208500E-03,+7.105543065E+00
+1.211000E-03,+7.129826989E+00
+1.213500E-03,+7.155839732E+00
+1.216000E-03,+7.179861296E+00
+1.218500E-03,+7.201395891E+00
+1.221000E-03,+7.222449243E+00
+1.223500E-03,+7.240381700E+00
+1.226000E-03,+7.262180575E+00
+1.228500E-03,+7.278559094E+00
+1.231000E-03,+7.295663871E+00
+1.233500E-03,+7.312892353E+00
+1.236000E-03,+7.327293649E+00
+1.238500E-03,+7.344179543E+00
+1.241000E-03,+7.359359727E+00
+1.243500E-03,+7.356476504E+00
+1.246000E-03,+7.340676330E+00
+1.248500E-03,+7.323736335E+00
+1.251000E-03,+7.303855166E+00
+1.253500E-03,+7.286934974E+00
+1.256000E-03,+7.266746083E+00
+1.258500E-03,+7.247173660E+00
+1.261000E-03,+7.223367124E+00
+1.263500E-03,+7.206437327E+00
+1.266000E-03,+7.183485064E+00
+1.268500E-03,+7.159171133E+00
+1.271000E-03,+7.134871682E+00
+1.273500E-03,+7.104517128E+00
+1.276000E-03,+7.077780488E+00
+1.278500E-03,+7.050089690E+00
+1.281000E-03,+7.018481456E+00
+1.283500E-03,+6.984997714E+00
+1.286000E-03,+6.955406099E+00
+1.288500E-03,+6.923673709E+00
+1.291000E-03,+6.887517069E+00
+1.293500E-03,+6.853469922E+00
+1.296000E-03,+6.813919193E+00
+1.298500E-03,+6.775367741E+00
+1.301000E-03,+6.732630112E+00
+1.303500E-03,+6.691029725E+00
+1.306000E-03,+6.650228030E+00
+1.308500E-03,+6.603240766E+00
+1.311000E-03,+6.557518938E+00
+1.313500E-03,+6.506651684E+00
+1.316000E-03,+6.457337048E+00
+1.318500E-03,+6.403683850E+00
+1.321000E-03,+6.352218228E+00
+1.323500E-03,+6.295479634E+00
+1.326000E-03,+6.238074393E+00
+1.328500E-03,+6.179594891E+00
+1.331000E-03,+6.120982117E+00
+1.333500E-03,+6.061093262E+00
+1.336000E-03,+5.996646418E+00
+1.338500E-03,+5.934431133E+00
+1.341000E-03,+5.867032026E+00
+1.343500E-03,+5.796233323E+00
+1.346000E-03,+5.726151494E+00
+1.348500E-03,+5.652705061E+00
+1.351000E-03,+5.584473380E+00
+1.353500E-03,+5.508593186E+00
+1.356000E-03,+5.432769750E+00
+1.358500E-03,+5.353062887E+00
+1.361000E-03,+5.277735464E+00
+1.363500E-03,+5.201492509E+00
+1.366000E-03,+5.120730723E+00
+1.368500E-03,+5.036741836E+00
+1.371000E-03,+4.949841031E+00
+1.373500E-03,+4.866440304E+00
+1.376000E-03,+4.782033790E+00
+1.378500E-03,+4.694131004E+00
+1.381000E-03,+4.600022194E+00
+1.383500E-03,+4.509748080E+00
+1.386000E-03,+4.417542342E+00
+1.388500E-03,+4.322326860E+00
+1.391000E-03,+4.224421780E+00
+1.393500E-03,+4.129539421E+00
+1.396000E-03,+4.031589787E+00
+1.398500E-03,+3.930518134E+00
+1.401000E-03,+3.829989317E+00
+1.403500E-03,+3.730314035E+00
+1.406000E-03,+3.631734345E+00
+1.408500E-03,+3.525657806E+00
+1.411000E-03,+3.422078115E+00
+1.413500E-03,+3.316966932E+00
+1.416000E-03,+3.212735503E+00
+1.418500E-03,+3.112686774E+00
+1.421000E-03,+3.002220393E+00
+1.423500E-03,+2.896805803E+00
+1.426000E-03,+2.791073704E+00
+1.428500E-03,+2.681043227E+00
+1.431000E-03,+2.567312404E+00
+1.433500E-03,+2.456617291E+00
+1.436000E-03,+2.347719361E+00
+1.438500E-03,+2.232504229E+00
+1.441000E-03,+2.115361303E+00
+1.443500E-03,+2.006242231E+00
+1.446000E-03,+1.894889214E+00
+1.448500E-03,+1.777841457E+00
+1.451000E-03,+1.662281447E+00
+1.453500E-03,+1.548783293E+00
+1.456000E-03,+1.432689768E+00
+1.458500E-03,+1.314828199E+00
+1.461000E-03,+1.198530095E+00
+1.463500E-03,+1.081912922E+00
+1.466000E-03,+961.785720E-03
+1.468500E-03,+840.831259E-03
+1.471000E-03,+725.694939E-03
+1.473500E-03,+606.573989E-03
+1.476000E-03,+491.370170E-03
+1.478500E-03,+371.932613E-03
+1.481000E-03,+256.017399E-03
+1.483500E-03,+143.496950E-03
+1.486000E-03,+29.952336E-03
+1.488500E-03,-86.418591E-03
+1.491000E-03,-204.949687E-03
+1.493500E-03,-326.814340E-03
+1.496000E-03,-445.797086E-03
+1.498500E-03,-560.762869E-03
+1.501000E-03,-676.514771E-03
+1.503500E-03,-797.435953E-03
+1.506000E-03,-914.722091E-03
+1.508500E-03,-1.032381968E+00
+1.511000E-03,-1.154407440E+00
+1.513500E-03,-1.270722133E+00
+1.516000E-03,-1.387195152E+00
+1.518500E-03,-1.506798197E+00
+1.521000E-03,-1.624996996E+00
+1.523500E-03,-1.741675088E+00
+1.526000E-03,-1.853346941E+00
+1.528500E-03,-1.967234808E+00
+1.531000E-03,-2.084955020E+00
+1.533500E-03,-2.199431750E+00
+1.536000E-03,-2.314374001E+00
+1.538500E-03,-2.431364578E+00
+1.541000E-03,-2.540055893E+00
+1.543500E-03,-2.656096747E+00
+1.546000E-03,-2.764632548E+00
+1.548500E-03,-2.874546215E+00
+1.551000E-03,-2.985305631E+00
+1.553500E-03,-3.089094275E+00
+1.556000E-03,-3.190806303E+00
+1.558500E-03,-3.298812302E+00
+1.561000E-03,-3.402319501E+00
+1.563500E-03,-3.513152133E+00
+1.566000E-03,-3.618853794E+00
+1.568500E-03,-3.721444946E+00
+1.571000E-03,-3.825616645E+00
+1.573500E-03,-3.927787880E+00
+1.576000E-03,-4.030112018E+00
+1.578500E-03,-4.126673840E+00
+1.581000E-03,-4.222955262E+00
+1.583500E-03,-4.322763360E+00
+1.586000E-03,-4.419915091E+00
+1.588500E-03,-4.510251358E+00
+1.591000E-03,-4.599603186E+00
+1.593500E-03,-4.695301107E+00
+1.596000E-03,-4.785110810E+00
+1.598500E-03,-4.870960010E+00
+1.601000E-03,-4.955019164E+00
+1.603500E-03,-5.046832219E+00
+1.606000E-03,-5.136544643E+00
+1.608500E-03,-5.217065592E+00
+1.611000E-03,-5.296854412E+00
+1.613500E-03,-5.376387731E+00
+1.616000E-03,-5.457862940E+00
+1.618500E-03,-5.534244611E+00
+1.621000E-03,-5.608667230E+00
+1.623500E-03,-5.685153629E+00
+1.626000E-03,-5.753003531E+00
+1.628500E-03,-5.825409762E+00
+1.631000E-03,-5.896470641E+00
+1.633500E-03,-5.964823058E+00
+1.636000E-03,-6.031067027E+00
+1.638500E-03,-6.092592724E+00
+1.641000E-03,-6.153852264E+00
+1.643500E-03,-6.218424901E+00
+1.646000E-03,-6.279109124E+00
+1.648500E-03,-6.335284919E+00
+1.651000E-03,-6.386314845E+00
+1.653500E-03,-6.442364547E+00
+1.656000E-03,-6.494496744E+00
+1.658500E-03,-6.546150148E+00
+1.661000E-03,-6.596220179E+00
+1.663500E-03,-6.643034807E+00
+1.666000E-03,-6.687503232E+00
+1.668500E-03,-6.730016024E+00
+1.671000E-03,-6.776309557E+00
+1.673500E-03,-6.816025973E+00
+1.676000E-03,-6.854265767E+00
+1.678500E-03,-6.893344974E+00
+1.681000E-03,-6.931377973E+00
+1.683500E-03,-6.967157302E+00
+1.686000E-03,-7.000308718E+00
+1.688500E-03,-7.035382032E+00
+1.691000E-03,-7.066909558E+00
+1.693500E-03,-7.095854496E+00
+1.696000E-03,-7.122299015E+00
+1.698500E-03,-7.147116345E+00
+1.701000E-03,-7.173786997E+00
+1.703500E-03,-7.197144774E+00
+1.706000E-03,-7.222241778E+00
+1.708500E-03,-7.243934459E+00
+1.711000E-03,-7.264131564E+00
+1.713500E-03,-7.286739475E+00
+1.716000E-03,-7.305752371E+00
+1.718500E-03,-7.323649028E+00
+1.721000E-03,-7.343153918E+00
+1.723500E-03,-7.361025062E+00
+1.726000E-03,-7.375829608E+00
+1.728500E-03,-7.391215550E+00
+1.731000E-03,-7.403988237E+00
+1.733500E-03,-7.418458753E+00
+1.736000E-03,-7.430068830E+00
+1.738500E-03,-7.424773235E+00
+1.741000E-03,-7.411718621E+00
+1.743500E-03,-7.395663161E+00
+1.746000E-03,-7.383570529E+00
+1.748500E-03,-7.366618292E+00
+1.751000E-03,-7.349812757E+00
+1.753500E-03,-7.331845909E+00
+1.756000E-03,-7.313945917E+00
+1.758500E-03,-7.295783774E+00
+1.761000E-03,-7.274504208E+00
+1.763500E-03,-7.252334524E+00
+1.766000E-03,-7.231582254E+00
+1.768500E-03,-7.206716926E+00
+1.771000E-03,-7.184746404E+00
+1.773500E-03,-7.158640873E+00
+1.776000E-03,-7.134988610E+00
+1.778500E-03,-7.107894137E+00
+1.781000E-03,-7.076909359E+00
+1.783500E-03,-7.047569340E+00
+1.786000E-03,-7.017061622E+00
+1.788500E-03,-6.983490257E+00
+1.791000E-03,-6.948014705E+00
+1.793500E-03,-6.910173975E+00
+1.796000E-03,-6.872444160E+00
+1.798500E-03,-6.834472130E+00
+1.801000E-03,-6.794412834E+00
+1.803500E-03,-6.751500242E+00
+1.806000E-03,-6.711051796E+00
+1.808500E-03,-6.662735204E+00
+1.811000E-03,-6.617654454E+00
+1.813500E-03,-6.568754321E+00
+1.816000E-03,-6.520267215E+00
+1.818500E-03,-6.468431626E+00
+1.821000E-03,-6.415588611E+00
+1.823500E-03,-6.361376668E+00
+1.826000E-03,-6.309576370E+00
+1.828500E-03,-6.252634763E+00
+1.831000E-03,-6.187946855E+00
+1.833500E-03,-6.126796565E+00
+1.836000E-03,-6.066746304E+00
+1.838500E-03,-6.003063427E+00
+1.841000E-03,-5.937883877E+00
+1.843500E-03,-5.864596713E+00
+1.846000E-03,-5.795595852E+00
+1.848500E-03,-5.727456969E+00
+1.851000E-03,-5.656877363E+00
+1.853500E-03,-5.585515202E+00
+1.856000E-03,-5.504402467E+00
+1.858500E-03,-5.428743823E+00
+1.861000E-03,-5.348948473E+00
+1.863500E-03,-5.268313008E+00
+1.866000E-03,-5.188496188E+00
+1.868500E-03,-5.105118607E+00
+1.871000E-03,-5.016333647E+00
+1.873500E-03,-4.930811029E+00
+1.876000E-03,-4.842175220E+00
+1.878500E-03,-4.758506975E+00
+1.881000E-03,-4.665518838E+00
+1.883500E-03,-4.572471430E+00
+1.886000E-03,-4.484533439E+00
+1.888500E-03,-4.391100233E+00
+1.891000E-03,-4.294960652E+00
+1.893500E-03,-4.196502218E+00
+1.896000E-03,-4.100603153E+00
+1.898500E-03,-3.999553233E+00
+1.901000E-03,-3.901565285E+00
+1.903500E-03,-3.797471709E+00
+1.906000E-03,-3.696755516E+00
+1.908500E-03,-3.588686438E+00
+1.911000E-03,-3.483383095E+00
+1.913500E-03,-3.378932383E+00
+1.916000E-03,-3.268562763E+00
+1.918500E-03,-3.166615421E+00
+1.921000E-03,-3.066898892E+00
+1.923500E-03,-2.959996604E+00
+1.926000E-03,-2.851710503E+00
+1.928500E-03,-2.739960701E+00
+1.931000E-03,-2.630992732E+00
+1.933500E-03,-2.521313974E+00
+1.936000E-03,-2.411746230E+00
+1.938500E-03,-2.292155568E+00
+1.941000E-03,-2.179298493E+00
+1.943500E-03,-2.064922983E+00
+1.946000E-03,-1.951886394E+00
+1.948500E-03,-1.835298158E+00
+1.951000E-03,-1.724721992E+00
+1.953500E-03,-1.609065078E+00
+1.956000E-03,-1.491539933E+00
+1.958500E-03,-1.378887347E+00
+1.961000E-03,-1.264118834E+00
+1.963500E-03,-1.144635578E+00
+1.966000E-03,-1.027577011E+00
+1.968500E-03,-906.580970E-03
+1.971000E-03,-787.788913E-03
+1.973500E-03,-668.702358E-03
+1.976000E-03,-553.795655E-03
+1.978500E-03,-439.037842E-03
+1.981000E-03,-324.274656E-03
+1.983500E-03,-204.802384E-03
+1.986000E-03,-84.368046E-03
+1.988500E-03,+30.188754E-03
+1.991000E-03,+140.136709E-03
+1.993500E-03,+253.647126E-03
+1.996000E-03,+367.371158E-03
+1.998500E-03,+484.887261E-03
+2.001000E-03,+602.247280E-03
+2.003500E-03,+720.935385E-03
+2.006000E-03,+837.006853E-03
+2.008500E-03,+953.812341E-03
+2.011000E-03,+1.073889463E+00
+2.013500E-03,+1.192758863E+00
+2.016000E-03,+1.304347208E+00
+2.018500E-03,+1.424340006E+00
+2.021000E-03,+1.542146973E+00
+2.023500E-03,+1.652823545E+00
+2.026000E-03,+1.766010880E+00
+2.028500E-03,+1.883747788E+00
+2.031000E-03,+1.995122533E+00
+2.033500E-03,+2.105131561E+00
+2.036000E-03,+2.218895017E+00
+2.038500E-03,+2.334334778E+00
+2.041000E-03,+2.440966137E+00
+2.043500E-03,+2.549462177E+00
+2.046000E-03,+2.663494877E+00
+2.048500E-03,+2.771788151E+00
+2.051000E-03,+2.878817962E+00
+2.053500E-03,+2.982346331E+00
+2.056000E-03,+3.091965866E+00
+2.058500E-03,+3.192299721E+00
+2.061000E-03,+3.294618453E+00
+2.063500E-03,+3.402620992E+00
+2.066000E-03,+3.505205362E+00
+2.068500E-03,+3.607339253E+00
+2.071000E-03,+3.709277536E+00
+2.073500E-03,+3.806463482E+00
+2.076000E-03,+3.906359410E+00
+2.078500E-03,+4.004846500E+00
+2.081000E-03,+4.102861592E+00
+2.083500E-03,+4.195664910E+00
+2.086000E-03,+4.291319992E+00
+2.088500E-03,+4.387068380E+00
+2.091000E-03,+4.479963226E+00
+2.093500E-03,+4.571214143E+00
+2.096000E-03,+4.661503086E+00
+2.098500E-03,+4.753053719E+00
+2.101000E-03,+4.836244677E+00
+2.103500E-03,+4.917919125E+00
+2.106000E-03,+5.002247936E+00
+2.108500E-03,+5.087463307E+00
+2.111000E-03,+5.168335506E+00
+2.113500E-03,+5.246343415E+00
+2.116000E-03,+5.319503887E+00
+2.118500E-03,+5.397953265E+00
+2.121000E-03,+5.474021114E+00
+2.123500E-03,+5.551230344E+00
+2.126000E-03,+5.621539109E+00
+2.128500E-03,+5.691783175E+00
+2.131000E-03,+5.766126290E+00
+2.133500E-03,+5.829360388E+00
+2.136000E-03,+5.899182673E+00
+2.138500E-03,+5.964658283E+00
+2.141000E-03,+6.027456197E+00
+2.143500E-03,+6.087362877E+00
+2.146000E-03,+6.146921438E+00
+2.148500E-03,+6.206129917E+00
+2.151000E-03,+6.264760617E+00
+2.153500E-03,+6.320595161E+00
+2.156000E-03,+6.374906040E+00
+2.158500E-03,+6.428211768E+00
+2.161000E-03,+6.479695925E+00
+2.163500E-03,+6.527108081E+00
+2.166000E-03,+6.574498587E+00
+2.168500E-03,+6.621291467E+00
+2.171000E-03,+6.665541315E+00
+2.173500E-03,+6.704476994E+00
+2.176000E-03,+6.744543477E+00
+2.178500E-03,+6.784376502E+00
+2.181000E-03,+6.823086150E+00
+2.183500E-03,+6.859789251E+00
+2.186000E-03,+6.895803344E+00
+2.188500E-03,+6.930810580E+00
+2.191000E-03,+6.960760156E+00
+2.193500E-03,+6.992149301E+00
+2.196000E-03,+7.023976244E+00
+2.198500E-03,+7.054060763E+00
+2.201000E-03,+7.079721075E+00
+2.203500E-03,+7.109329790E+00
+2.206000E-03,+7.133735722E+00
+2.208500E-03,+7.157689531E+00
+2.211000E-03,+7.177475898E+00
+2.213500E-03,+7.199320716E+00
+2.216000E-03,+7.221671738E+00
+2.218500E-03,+7.245153636E+00
+2.221000E-03,+7.264311932E+00
+2.223500E-03,+7.279582846E+00
+2.226000E-03,+7.294832333E+00
+2.228500E-03,+7.315584253E+00
+2.231000E-03,+7.329615066E+00
+2.233500E-03,+7.344695675E+00
+2.236000E-03,+7.361686163E+00
+2.238500E-03,+7.355246581E+00
+2.241000E-03,+7.339788748E+00
+2.243500E-03,+7.319708146E+00
+2.246000E-03,+7.301596105E+00
+2.248500E-03,+7.283419388E+00
+2.251000E-03,+7.265537194E+00
+2.253500E-03,+7.246104285E+00
+2.256000E-03,+7.223458830E+00
+2.258500E-03,+7.201479492E+00
+2.261000E-03,+7.180587432E+00
+2.263500E-03,+7.157093101E+00
+2.266000E-03,+7.130791963E+00
+2.268500E-03,+7.103396094E+00
+2.271000E-03,+7.074738444E+00
+2.273500E-03,+7.045004128E+00
+2.276000E-03,+7.014336425E+00
+2.278500E-03,+6.982532560E+00
+2.281000E-03,+6.950487013E+00
+2.283500E-03,+6.919228857E+00
+2.286000E-03,+6.886759046E+00
+2.288500E-03,+6.848909043E+00
+2.291000E-03,+6.809946463E+00
+2.293500E-03,+6.768699100E+00
+2.296000E-03,+6.728192825E+00
+2.298500E-03,+6.688668679E+00
+2.301000E-03,+6.643212652E+00
+2.303500E-03,+6.597894934E+00
+2.306000E-03,+6.550452583E+00
+2.308500E-03,+6.502824943E+00
+2.311000E-03,+6.452311620E+00
+2.313500E-03,+6.398329074E+00
+2.316000E-03,+6.346080449E+00
+2.318500E-03,+6.289524281E+00
+2.321000E-03,+6.232724144E+00
+2.323500E-03,+6.170886317E+00
+2.326000E-03,+6.112706158E+00
+2.328500E-03,+6.053418581E+00
+2.331000E-03,+5.992077997E+00
+2.333500E-03,+5.927923344E+00
+2.336000E-03,+5.861347302E+00
+2.338500E-03,+5.794116792E+00
+2.341000E-03,+5.721439008E+00
+2.343500E-03,+5.645568513E+00
+2.346000E-03,+5.574486346E+00
+2.348500E-03,+5.502558530E+00
+2.351000E-03,+5.426016796E+00
+2.353500E-03,+5.347113990E+00
+2.356000E-03,+5.270590079E+00
+2.358500E-03,+5.193375360E+00
+2.361000E-03,+5.113644270E+00
+2.363500E-03,+5.027492133E+00
+2.366000E-03,+4.940485881E+00
+2.368500E-03,+4.859649568E+00
+2.371000E-03,+4.771847735E+00
+2.373500E-03,+4.681513933E+00
+2.376000E-03,+4.592382663E+00
+2.378500E-03,+4.501528380E+00
+2.381000E-03,+4.410469432E+00
+2.383500E-03,+4.312658681E+00
+2.386000E-03,+4.215243277E+00
+2.388500E-03,+4.120472889E+00
+2.391000E-03,+4.022238657E+00
+2.393500E-03,+3.921590784E+00
+2.396000E-03,+3.818904414E+00
+2.398500E-03,+3.721310882E+00
+2.401000E-03,+3.619889178E+00
+2.403500E-03,+3.515136579E+00
+2.406000E-03,+3.415052638E+00
+2.408500E-03,+3.307490165E+00
+2.411000E-03,+3.201050660E+00
+2.413500E-03,+3.098613461E+00
+2.416000E-03,+2.990387745E+00
+2.418500E-03,+2.883867627E+00
+2.421000E-03,+2.776620607E+00
+2.423500E-03,+2.668934260E+00
