x-axis,1,2
second,Volt,Volt
-31.90000E-03,,
-31.87500E-03,-1.60301507E+00,-3.45478E-03
-31.85000E-03,-1.64321607E+00,-3.45478E-03
-31.82500E-03,-1.60301507E+00,-3.45478E-03
-31.80000E-03,-1.60301507E+00,-3.45478E-03
-31.77500E-03,-1.64321607E+00,-3.45478E-03
-31.75000E-03,-1.64321607E+00,-3.45478E-03
-31.72500E-03,-1.64321607E+00,-3.45478E-03
-31.70000E-03,-1.64321607E+00,-11.49498E-03
-31.67500E-03,-1.60301507E+00,-3.45478E-03
-31.65000E-03,-1.64321607E+00,-3.45478E-03
-31.62500E-03,-1.64321607E+00,+4.58542E-03
-31.60000E-03,-1.60301507E+00,+4.58542E-03
-31.57500E-03,-1.64321607E+00,+4.58542E-03
-31.55000E-03,-1.60301507E+00,+4.58542E-03
-31.52500E-03,-1.64321607E+00,+4.58542E-03
-31.50000E-03,-1.64321607E+00,+4.58542E-03
-31.47500E-03,-1.60301507E+00,+4.58542E-03
-31.45000E-03,-1.64321607E+00,+12.62562E-03
-31.42500E-03,-1.64321607E+00,+12.62562E-03
-31.40000E-03,-1.64321607E+00,+12.62562E-03
-31.37500E-03,-1.64321607E+00,+12.62562E-03
-31.35000E-03,-1.60301507E+00,+12.62562E-03
-31.32500E-03,-1.64321607E+00,+20.66582E-03
-31.30000E-03,-1.56281406E+00,+28.70602E-03
-31.27500E-03,-1.64321607E+00,+28.70602E-03
-31.25000E-03,-1.60301507E+00,+28.70602E-03
-31.22500E-03,-1.60301507E+00,+36.74622E-03
-31.20000E-03,-1.60301507E+00,+44.78642E-03
-31.17500E-03,-1.60301507E+00,+52.82662E-03
-31.15000E-03,-1.56281406E+00,+52.82662E-03
-31.12500E-03,-1.56281406E+00,+60.86683E-03
-31.10000E-03,-1.52261306E+00,+60.86683E-03
-31.07500E-03,-1.56281406E+00,+60.86683E-03
-31.05000E-03,-1.56281406E+00,+76.94723E-03
-31.02500E-03,-1.56281406E+00,+68.90703E-03
-31.00000E-03,-1.52261306E+00,+76.94723E-03
-30.97500E-03,-1.52261306E+00,+84.98743E-03
-30.95000E-03,-1.56281406E+00,+84.98743E-03
-30.92500E-03,-1.48241206E+00,+93.02763E-03
-30.90000E-03,-1.48241206E+00,+101.06783E-03
-30.87500E-03,-1.48241206E+00,+101.06783E-03
-30.85000E-03,-1.48241206E+00,+101.06783E-03
-30.82500E-03,-1.44221105E+00,+109.10803E-03
-30.80000E-03,-1.44221105E+00,+117.14823E-03
-30.77500E-03,-1.44221105E+00,+125.18843E-03
-30.75000E-03,-1.40201005E+00,+117.14823E-03
-30.72500E-03,-1.40201005E+00,+125.18843E-03
-30.70000E-03,-1.40201005E+00,+125.18843E-03
-30.67500E-03,-1.36180904E+00,+133.22863E-03
-30.65000E-03,-1.36180904E+00,+133.22863E-03
-30.62500E-03,-1.32160804E+00,+141.26883E-03
-30.60000E-03,-1.32160804E+00,+149.30904E-03
-30.57500E-03,-1.28140703E+00,+149.30904E-03
-30.55000E-03,-1.28140703E+00,+157.34924E-03
-30.52500E-03,-1.24120603E+00,+165.38944E-03
-30.50000E-03,-1.20100502E+00,+165.38944E-03
-30.47500E-03,-1.24120603E+00,+165.38944E-03
-30.45000E-03,-1.20100502E+00,+165.38944E-03
-30.42500E-03,-1.20100502E+00,+165.38944E-03
-30.40000E-03,-1.16080402E+00,+173.42964E-03
-30.37500E-03,-1.12060301E+00,+173.42964E-03
-30.35000E-03,-1.12060301E+00,+173.42964E-03
-30.32500E-03,-1.04020100E+00,+189.51004E-03
-30.30000E-03,-1.08040201E+00,+189.51004E-03
-30.27500E-03,-1.04020100E+00,+189.51004E-03
-30.25000E-03,-1.04020100E+00,+189.51004E-03
-30.22500E-03,-1.00000000E+00,+197.55024E-03
-30.20000E-03,-1.00000000E+00,+197.55024E-03
-30.17500E-03,-1.00000000E+00,+197.55024E-03
-30.15000E-03,-919.59799E-03,+205.59044E-03
-30.12500E-03,-919.59799E-03,+213.63064E-03
-30.10000E-03,-919.59799E-03,+205.59044E-03
-30.07500E-03,-879.39699E-03,+213.63064E-03
-30.05000E-03,-839.19598E-03,+205.59044E-03
-30.02500E-03,-839.19598E-03,+213.63064E-03
-30.00000E-03,-798.99498E-03,+213.63064E-03
-29.97500E-03,-758.79397E-03,+221.67084E-03
-29.95000E-03,-758.79397E-03,+221.67084E-03
-29.92500E-03,-718.59297E-03,+221.67084E-03
-29.90000E-03,-678.39196E-03,+221.67084E-03
-29.87500E-03,-678.39196E-03,+229.71104E-03
-29.85000E-03,-597.98995E-03,+221.67084E-03
-29.82500E-03,-597.98995E-03,+229.71104E-03
-29.80000E-03,-557.78895E-03,+229.71104E-03
-29.77500E-03,-557.78895E-03,+237.75125E-03
-29.75000E-03,-517.58794E-03,+237.75125E-03
-29.72500E-03,-557.78895E-03,+229.71104E-03
-29.70000E-03,-477.38694E-03,+237.75125E-03
-29.67500E-03,-437.18594E-03,+237.75125E-03
-29.65000E-03,-437.18594E-03,+237.75125E-03
-29.62500E-03,-356.78393E-03,+229.71104E-03
-29.60000E-03,-356.78393E-03,+237.75125E-03
-29.57500E-03,-316.58292E-03,+229.71104E-03
-29.55000E-03,-276.38192E-03,+237.75125E-03
-29.52500E-03,-276.38192E-03,+237.75125E-03
-29.50000E-03,-236.18091E-03,+245.79145E-03
-29.47500E-03,-236.18091E-03,+237.75125E-03
-29.45000E-03,-155.77890E-03,+237.75125E-03
-29.42500E-03,-155.77890E-03,+245.79145E-03
-29.40000E-03,-115.57790E-03,+245.79145E-03
-29.37500E-03,-75.37689E-03,+245.79145E-03
-29.35000E-03,-75.37689E-03,+237.75125E-03
-29.32500E-03,-35.17589E-03,+245.79145E-03
-29.30000E-03,+5.02511E-03,+237.75125E-03
-29.27500E-03,+5.02511E-03,+245.79145E-03
-29.25000E-03,+5.02511E-03,+245.79145E-03
-29.22500E-03,+125.62813E-03,+245.79145E-03
-29.20000E-03,+85.42712E-03,+245.79145E-03
-29.17500E-03,+125.62813E-03,+237.75125E-03
-29.15000E-03,+165.82913E-03,+237.75125E-03
-29.12500E-03,+165.82913E-03,+237.75125E-03
-29.10000E-03,+206.03014E-03,+245.79145E-03
-29.07500E-03,+206.03014E-03,+237.75125E-03
-29.05000E-03,+286.43215E-03,+237.75125E-03
-29.02500E-03,+326.63315E-03,+237.75125E-03
-29.00000E-03,+326.63315E-03,+229.71104E-03
-28.97500E-03,+366.83416E-03,+237.75125E-03
-28.95000E-03,+407.03516E-03,+237.75125E-03
-28.92500E-03,+447.23617E-03,+237.75125E-03
-28.90000E-03,+447.23617E-03,+237.75125E-03
-28.87500E-03,+487.43717E-03,+237.75125E-03
-28.85000E-03,+487.43717E-03,+237.75125E-03
-28.82500E-03,+527.63817E-03,+237.75125E-03
-28.80000E-03,+567.83918E-03,+229.71104E-03
-28.77500E-03,+567.83918E-03,+229.71104E-03
-28.75000E-03,+608.04018E-03,+229.71104E-03
-28.72500E-03,+648.24119E-03,+229.71104E-03
-28.70000E-03,+688.44219E-03,+229.71104E-03
-28.67500E-03,+688.44219E-03,+221.67084E-03
-28.65000E-03,+728.64320E-03,+221.67084E-03
-28.62500E-03,+768.84420E-03,+221.67084E-03
-28.60000E-03,+768.84420E-03,+213.63064E-03
-28.57500E-03,+809.04521E-03,+213.63064E-03
-28.55000E-03,+809.04521E-03,+213.63064E-03
-28.52500E-03,+809.04521E-03,+213.63064E-03
-28.50000E-03,+889.44722E-03,+213.63064E-03
-28.47500E-03,+889.44722E-03,+205.59044E-03
-28.45000E-03,+929.64822E-03,+205.59044E-03
-28.42500E-03,+929.64822E-03,+197.55024E-03
-28.40000E-03,+969.84923E-03,+205.59044E-03
-28.37500E-03,+969.84923E-03,+205.59044E-03
-28.35000E-03,+1.01005023E+00,+205.59044E-03
-28.32500E-03,+1.05025123E+00,+197.55024E-03
-28.30000E-03,+1.05025123E+00,+189.51004E-03
-28.27500E-03,+1.09045224E+00,+189.51004E-03
-28.25000E-03,+1.13065324E+00,+189.51004E-03
-28.22500E-03,+1.13065324E+00,+181.46984E-03
-28.20000E-03,+1.13065324E+00,+181.46984E-03
-28.17500E-03,+1.17085425E+00,+173.42964E-03
-28.15000E-03,+1.17085425E+00,+173.42964E-03
-28.12500E-03,+1.21105525E+00,+173.42964E-03
-28.10000E-03,+1.21105525E+00,+173.42964E-03
-28.07500E-03,+1.21105525E+00,+165.38944E-03
-28.05000E-03,+1.25125626E+00,+165.38944E-03
-28.02500E-03,+1.29145726E+00,+157.34924E-03
-28.00000E-03,+1.33165827E+00,+157.34924E-03
-27.97500E-03,+1.33165827E+00,+149.30904E-03
-27.95000E-03,+1.33165827E+00,+157.34924E-03
-27.92500E-03,+1.37185927E+00,+141.26883E-03
-27.90000E-03,+1.37185927E+00,+149.30904E-03
-27.87500E-03,+1.37185927E+00,+141.26883E-03
-27.85000E-03,+1.37185927E+00,+133.22863E-03
-27.82500E-03,+1.41206028E+00,+133.22863E-03
-27.80000E-03,+1.45226128E+00,+133.22863E-03
-27.77500E-03,+1.49246228E+00,+125.18843E-03
-27.75000E-03,+1.49246228E+00,+125.18843E-03
-27.72500E-03,+1.49246228E+00,+117.14823E-03
-27.70000E-03,+1.49246228E+00,+117.14823E-03
-27.67500E-03,+1.49246228E+00,+109.10803E-03
-27.65000E-03,+1.53266329E+00,+109.10803E-03
-27.62500E-03,+1.53266329E+00,+101.06783E-03
-27.60000E-03,+1.57286429E+00,+101.06783E-03
-27.57500E-03,+1.57286429E+00,+93.02763E-03
-27.55000E-03,+1.57286429E+00,+93.02763E-03
-27.52500E-03,+1.61306530E+00,+93.02763E-03
-27.50000E-03,+1.61306530E+00,+84.98743E-03
-27.47500E-03,+1.61306530E+00,+68.90703E-03
-27.45000E-03,+1.61306530E+00,+68.90703E-03
-27.42500E-03,+1.65326630E+00,+60.86683E-03
-27.40000E-03,+1.65326630E+00,+68.90703E-03
-27.37500E-03,+1.61306530E+00,+52.82662E-03
-27.35000E-03,+1.69346731E+00,+52.82662E-03
-27.32500E-03,+1.65326630E+00,+44.78642E-03
-27.30000E-03,+1.65326630E+00,+36.74622E-03
-27.27500E-03,+1.65326630E+00,+28.70602E-03
-27.25000E-03,+1.69346731E+00,+28.70602E-03
-27.22500E-03,+1.69346731E+00,+20.66582E-03
-27.20000E-03,+1.65326630E+00,+20.66582E-03
-27.17500E-03,+1.69346731E+00,+20.66582E-03
-27.15000E-03,+1.73366831E+00,+20.66582E-03
-27.12500E-03,+1.69346731E+00,+20.66582E-03
-27.10000E-03,+1.73366831E+00,+12.62562E-03
-27.07500E-03,+1.69346731E+00,+12.62562E-03
-27.05000E-03,+1.69346731E+00,+4.58542E-03
-27.02500E-03,+1.69346731E+00,+4.58542E-03
-27.00000E-03,+1.69346731E+00,+4.58542E-03
-26.97500E-03,+1.69346731E+00,+4.58542E-03
-26.95000E-03,+1.65326630E+00,+4.58542E-03
-26.92500E-03,+1.73366831E+00,+4.58542E-03
-26.90000E-03,+1.73366831E+00,+4.58542E-03
-26.87500E-03,+1.69346731E+00,-3.45478E-03
-26.85000E-03,+1.73366831E+00,-3.45478E-03
-26.82500E-03,+1.73366831E+00,-3.45478E-03
-26.80000E-03,+1.69346731E+00,-3.45478E-03
-26.77500E-03,+1.69346731E+00,-11.49498E-03
-26.75000E-03,+1.69346731E+00,-11.49498E-03
-26.72500E-03,+1.69346731E+00,-3.45478E-03
-26.70000E-03,+1.73366831E+00,-11.49498E-03
-26.67500E-03,+1.73366831E+00,-11.49498E-03
-26.65000E-03,+1.69346731E+00,-11.49498E-03
-26.62500E-03,+1.69346731E+00,-11.49498E-03
-26.60000E-03,+1.69346731E+00,-11.49498E-03
-26.57500E-03,+1.69346731E+00,-11.49498E-03
-26.55000E-03,+1.73366831E+00,-19.53518E-03
-26.52500E-03,+1.69346731E+00,-19.53518E-03
-26.50000E-03,+1.69346731E+00,-19.53518E-03
-26.47500E-03,+1.69346731E+00,-35.61559E-03
-26.45000E-03,+1.69346731E+00,-27.57538E-03
-26.42500E-03,+1.69346731E+00,-35.61559E-03
-26.40000E-03,+1.69346731E+00,-43.65579E-03
-26.37500E-03,+1.65326630E+00,-51.69599E-03
-26.35000E-03,+1.69346731E+00,-51.69599E-03
-26.32500E-03,+1.65326630E+00,-59.73619E-03
-26.30000E-03,+1.65326630E+00,-59.73619E-03
-26.27500E-03,+1.61306530E+00,-67.77639E-03
-26.25000E-03,+1.61306530E+00,-67.77639E-03
-26.22500E-03,+1.61306530E+00,-83.85679E-03
-26.20000E-03,+1.61306530E+00,-75.81659E-03
-26.17500E-03,+1.61306530E+00,-83.85679E-03
-26.15000E-03,+1.61306530E+00,-83.85679E-03
-26.12500E-03,+1.61306530E+00,-99.93719E-03
-26.10000E-03,+1.61306530E+00,-99.93719E-03
-26.07500E-03,+1.61306530E+00,-107.97739E-03
-26.05000E-03,+1.53266329E+00,-99.93719E-03
-26.02500E-03,+1.53266329E+00,-107.97739E-03
-26.00000E-03,+1.57286429E+00,-116.01759E-03
-25.97500E-03,+1.49246228E+00,-116.01759E-03
-25.95000E-03,+1.49246228E+00,-124.05780E-03
-25.92500E-03,+1.45226128E+00,-124.05780E-03
-25.90000E-03,+1.49246228E+00,-132.09800E-03
-25.87500E-03,+1.45226128E+00,-140.13820E-03
-25.85000E-03,+1.45226128E+00,-140.13820E-03
-25.82500E-03,+1.45226128E+00,-148.17840E-03
-25.80000E-03,+1.45226128E+00,-140.13820E-03
-25.77500E-03,+1.37185927E+00,-148.17840E-03
-25.75000E-03,+1.41206028E+00,-148.17840E-03
-25.72500E-03,+1.37185927E+00,-148.17840E-03
-25.70000E-03,+1.37185927E+00,-164.25880E-03
-25.67500E-03,+1.33165827E+00,-156.21860E-03
-25.65000E-03,+1.33165827E+00,-156.21860E-03
-25.62500E-03,+1.29145726E+00,-164.25880E-03
-25.60000E-03,+1.29145726E+00,-164.25880E-03
-25.57500E-03,+1.25125626E+00,-164.25880E-03
-25.55000E-03,+1.21105525E+00,-180.33920E-03
-25.52500E-03,+1.21105525E+00,-172.29900E-03
-25.50000E-03,+1.17085425E+00,-180.33920E-03
-25.47500E-03,+1.17085425E+00,-188.37940E-03
-25.45000E-03,+1.17085425E+00,-188.37940E-03
-25.42500E-03,+1.13065324E+00,-188.37940E-03
-25.40000E-03,+1.09045224E+00,-188.37940E-03
-25.37500E-03,+1.05025123E+00,-196.41960E-03
-25.35000E-03,+1.05025123E+00,-196.41960E-03
-25.32500E-03,+1.05025123E+00,-204.45981E-03
-25.30000E-03,+1.01005023E+00,-196.41960E-03
-25.27500E-03,+1.01005023E+00,-204.45981E-03
-25.25000E-03,+969.84923E-03,-204.45981E-03
-25.22500E-03,+969.84923E-03,-212.50001E-03
-25.20000E-03,+889.44722E-03,-204.45981E-03
-25.17500E-03,+889.44722E-03,-212.50001E-03
-25.15000E-03,+889.44722E-03,-212.50001E-03
-25.12500E-03,+889.44722E-03,-212.50001E-03
-25.10000E-03,+849.24621E-03,-212.50001E-03
-25.07500E-03,+809.04521E-03,-220.54021E-03
-25.05000E-03,+809.04521E-03,-212.50001E-03
-25.02500E-03,+768.84420E-03,-220.54021E-03
-25.00000E-03,+728.64320E-03,-220.54021E-03
-24.97500E-03,+728.64320E-03,-220.54021E-03
-24.95000E-03,+728.64320E-03,-228.58041E-03
-24.92500E-03,+648.24119E-03,-228.58041E-03
-24.90000E-03,+608.04018E-03,-236.62061E-03
-24.87500E-03,+608.04018E-03,-236.62061E-03
-24.85000E-03,+567.83918E-03,-236.62061E-03
-24.82500E-03,+567.83918E-03,-244.66081E-03
-24.80000E-03,+527.63817E-03,-236.62061E-03
-24.77500E-03,+487.43717E-03,-236.62061E-03
-24.75000E-03,+447.23617E-03,-236.62061E-03
-24.72500E-03,+407.03516E-03,-236.62061E-03
-24.70000E-03,+447.23617E-03,-244.66081E-03
-24.67500E-03,+407.03516E-03,-244.66081E-03
-24.65000E-03,+326.63315E-03,-236.62061E-03
-24.62500E-03,+326.63315E-03,-244.66081E-03
-24.60000E-03,+286.43215E-03,-244.66081E-03
-24.57500E-03,+286.43215E-03,-236.62061E-03
-24.55000E-03,+206.03014E-03,-252.70101E-03
-24.52500E-03,+206.03014E-03,-236.62061E-03
-24.50000E-03,+206.03014E-03,-244.66081E-03
-24.47500E-03,+165.82913E-03,-244.66081E-03
-24.45000E-03,+165.82913E-03,-244.66081E-03
-24.42500E-03,+85.42712E-03,-244.66081E-03
-24.40000E-03,+85.42712E-03,-244.66081E-03
-24.37500E-03,+45.22612E-03,-244.66081E-03
-24.35000E-03,+45.22612E-03,-244.66081E-03
-24.32500E-03,-35.17589E-03,-244.66081E-03
-24.30000E-03,-35.17589E-03,-244.66081E-03
-24.27500E-03,-75.37689E-03,-252.70101E-03
-24.25000E-03,-115.57790E-03,-244.66081E-03
-24.22500E-03,-115.57790E-03,-252.70101E-03
-24.20000E-03,-115.57790E-03,-244.66081E-03
-24.17500E-03,-195.97991E-03,-244.66081E-03
-24.15000E-03,-195.97991E-03,-244.66081E-03
-24.12500E-03,-236.18091E-03,-244.66081E-03
-24.10000E-03,-316.58292E-03,-252.70101E-03
-24.07500E-03,-276.38192E-03,-252.70101E-03
-24.05000E-03,-316.58292E-03,-236.62061E-03
-24.02500E-03,-356.78393E-03,-244.66081E-03
-24.00000E-03,-396.98493E-03,-236.62061E-03
-23.97500E-03,-437.18594E-03,-244.66081E-03
-23.95000E-03,-437.18594E-03,-236.62061E-03
-23.92500E-03,-477.38694E-03,-236.62061E-03
-23.90000E-03,-517.58794E-03,-236.62061E-03
-23.87500E-03,-517.58794E-03,-236.62061E-03
-23.85000E-03,-557.78895E-03,-236.62061E-03
-23.82500E-03,-597.98995E-03,-236.62061E-03
-23.80000E-03,-597.98995E-03,-228.58041E-03
-23.77500E-03,-678.39196E-03,-236.62061E-03
-23.75000E-03,-678.39196E-03,-236.62061E-03
-23.72500E-03,-678.39196E-03,-228.58041E-03
-23.70000E-03,-718.59297E-03,-228.58041E-03
-23.67500E-03,-758.79397E-03,-228.58041E-03
-23.65000E-03,-758.79397E-03,-228.58041E-03
-23.62500E-03,-758.79397E-03,-220.54021E-03
-23.60000E-03,-798.99498E-03,-220.54021E-03
-23.57500E-03,-839.19598E-03,-220.54021E-03
-23.55000E-03,-839.19598E-03,-220.54021E-03
-23.52500E-03,-919.59799E-03,-212.50001E-03
-23.50000E-03,-919.59799E-03,-212.50001E-03
-23.47500E-03,-959.79900E-03,-212.50001E-03
-23.45000E-03,-1.00000000E+00,-204.45981E-03
-23.42500E-03,-1.00000000E+00,-204.45981E-03
-23.40000E-03,-1.00000000E+00,-196.41960E-03
-23.37500E-03,-1.04020100E+00,-204.45981E-03
-23.35000E-03,-1.04020100E+00,-204.45981E-03
-23.32500E-03,-1.08040201E+00,-196.41960E-03
-23.30000E-03,-1.08040201E+00,-196.41960E-03
-23.27500E-03,-1.12060301E+00,-196.41960E-03
-23.25000E-03,-1.12060301E+00,-188.37940E-03
-23.22500E-03,-1.16080402E+00,-188.37940E-03
-23.20000E-03,-1.20100502E+00,-180.33920E-03
-23.17500E-03,-1.16080402E+00,-172.29900E-03
-23.15000E-03,-1.20100502E+00,-180.33920E-03
-23.12500E-03,-1.24120603E+00,-172.29900E-03
-23.10000E-03,-1.24120603E+00,-164.25880E-03
-23.07500E-03,-1.28140703E+00,-164.25880E-03
-23.05000E-03,-1.32160804E+00,-156.21860E-03
-23.02500E-03,-1.28140703E+00,-156.21860E-03
-23.00000E-03,-1.36180904E+00,-156.21860E-03
-22.97500E-03,-1.36180904E+00,-156.21860E-03
-22.95000E-03,-1.36180904E+00,-148.17840E-03
-22.92500E-03,-1.40201005E+00,-148.17840E-03
-22.90000E-03,-1.44221105E+00,-140.13820E-03
-22.87500E-03,-1.44221105E+00,-132.09800E-03
-22.85000E-03,-1.44221105E+00,-140.13820E-03
-22.82500E-03,-1.44221105E+00,-124.05780E-03
-22.80000E-03,-1.44221105E+00,-116.01759E-03
-22.77500E-03,-1.48241206E+00,-116.01759E-03
-22.75000E-03,-1.48241206E+00,-116.01759E-03
-22.72500E-03,-1.48241206E+00,-116.01759E-03
-22.70000E-03,-1.48241206E+00,-99.93719E-03
-22.67500E-03,-1.52261306E+00,-99.93719E-03
-22.65000E-03,-1.56281406E+00,-99.93719E-03
-22.62500E-03,-1.52261306E+00,-91.89699E-03
-22.60000E-03,-1.56281406E+00,-83.85679E-03
-22.57500E-03,-1.56281406E+00,-75.81659E-03
-22.55000E-03,-1.60301507E+00,-67.77639E-03
-22.52500E-03,-1.56281406E+00,-67.77639E-03
-22.50000E-03,-1.60301507E+00,-59.73619E-03
-22.47500E-03,-1.60301507E+00,-59.73619E-03
-22.45000E-03,-1.60301507E+00,-59.73619E-03
-22.42500E-03,-1.60301507E+00,-51.69599E-03
-22.40000E-03,-1.64321607E+00,-43.65579E-03
-22.37500E-03,-1.60301507E+00,-43.65579E-03
-22.35000E-03,-1.64321607E+00,-43.65579E-03
-22.32500E-03,-1.64321607E+00,-35.61559E-03
-22.30000E-03,-1.64321607E+00,-35.61559E-03
-22.27500E-03,-1.64321607E+00,-35.61559E-03
-22.25000E-03,-1.60301507E+00,-27.57538E-03
-22.22500E-03,-1.64321607E+00,-27.57538E-03
-22.20000E-03,-1.64321607E+00,-19.53518E-03
-22.17500E-03,-1.64321607E+00,-19.53518E-03
-22.15000E-03,-1.64321607E+00,-11.49498E-03
-22.12500E-03,-1.64321607E+00,-19.53518E-03
-22.10000E-03,-1.60301507E+00,-11.49498E-03
-22.07500E-03,-1.64321607E+00,-11.49498E-03
-22.05000E-03,-1.64321607E+00,-11.49498E-03
-22.02500E-03,-1.64321607E+00,-11.49498E-03
-22.00000E-03,-1.60301507E+00,-3.45478E-03
-21.97500E-03,-1.64321607E+00,-11.49498E-03
-21.95000E-03,-1.68341708E+00,-3.45478E-03
-21.92500E-03,-1.64321607E+00,-11.49498E-03
-21.90000E-03,-1.60301507E+00,-3.45478E-03
-21.87500E-03,-1.64321607E+00,-3.45478E-03
-21.85000E-03,-1.64321607E+00,+4.58542E-03
-21.82500E-03,-1.64321607E+00,-3.45478E-03
-21.80000E-03,-1.60301507E+00,-3.45478E-03
-21.77500E-03,-1.64321607E+00,-3.45478E-03
-21.75000E-03,-1.60301507E+00,-3.45478E-03
-21.72500E-03,-1.68341708E+00,-3.45478E-03
-21.70000E-03,-1.64321607E+00,-3.45478E-03
-21.67500E-03,-1.64321607E+00,+4.58542E-03
-21.65000E-03,-1.64321607E+00,+4.58542E-03
-21.62500E-03,-1.68341708E+00,+4.58542E-03
-21.60000E-03,-1.64321607E+00,+4.58542E-03
-21.57500E-03,-1.64321607E+00,+4.58542E-03
-21.55000E-03,-1.64321607E+00,+4.58542E-03
-21.52500E-03,-1.64321607E+00,+4.58542E-03
-21.50000E-03,-1.64321607E+00,+12.62562E-03
-21.47500E-03,-1.60301507E+00,+12.62562E-03
-21.45000E-03,-1.64321607E+00,+12.62562E-03
-21.42500E-03,-1.64321607E+00,+12.62562E-03
-21.40000E-03,-1.64321607E+00,+20.66582E-03
-21.37500E-03,-1.60301507E+00,+20.66582E-03
-21.35000E-03,-1.60301507E+00,+28.70602E-03
-21.32500E-03,-1.60301507E+00,+28.70602E-03
-21.30000E-03,-1.64321607E+00,+36.74622E-03
-21.27500E-03,-1.60301507E+00,+36.74622E-03
-21.25000E-03,-1.60301507E+00,+44.78642E-03
-21.22500E-03,-1.56281406E+00,+44.78642E-03
-21.20000E-03,-1.60301507E+00,+60.86683E-03
-21.17500E-03,-1.56281406E+00,+52.82662E-03
-21.15000E-03,-1.60301507E+00,+52.82662E-03
-21.12500E-03,-1.56281406E+00,+60.86683E-03
-21.10000E-03,-1.56281406E+00,+68.90703E-03
-21.07500E-03,-1.56281406E+00,+76.94723E-03
-21.05000E-03,-1.52261306E+00,+76.94723E-03
-21.02500E-03,-1.52261306E+00,+76.94723E-03
-21.00000E-03,-1.52261306E+00,+84.98743E-03
-20.97500E-03,-1.52261306E+00,+101.06783E-03
-20.95000E-03,-1.52261306E+00,+109.10803E-03
-20.92500E-03,-1.48241206E+00,+101.06783E-03
-20.90000E-03,-1.48241206E+00,+101.06783E-03
-20.87500E-03,-1.40201005E+00,+109.10803E-03
-20.85000E-03,-1.40201005E+00,+117.14823E-03
-20.82500E-03,-1.40201005E+00,+117.14823E-03
-20.80000E-03,-1.40201005E+00,+125.18843E-03
-20.77500E-03,-1.36180904E+00,+133.22863E-03
-20.75000E-03,-1.40201005E+00,+133.22863E-03
-20.72500E-03,-1.36180904E+00,+133.22863E-03
-20.70000E-03,-1.32160804E+00,+133.22863E-03
-20.67500E-03,-1.32160804E+00,+141.26883E-03
-20.65000E-03,-1.32160804E+00,+141.26883E-03
-20.62500E-03,-1.28140703E+00,+149.30904E-03
-20.60000E-03,-1.28140703E+00,+149.30904E-03
-20.57500E-03,-1.28140703E+00,+149.30904E-03
-20.55000E-03,-1.24120603E+00,+157.34924E-03
-20.52500E-03,-1.20100502E+00,+157.34924E-03
-20.50000E-03,-1.20100502E+00,+173.42964E-03
-20.47500E-03,-1.16080402E+00,+165.38944E-03
-20.45000E-03,-1.16080402E+00,+173.42964E-03
-20.42500E-03,-1.12060301E+00,+173.42964E-03
-20.40000E-03,-1.12060301E+00,+181.46984E-03
-20.37500E-03,-1.12060301E+00,+181.46984E-03
-20.35000E-03,-1.04020100E+00,+189.51004E-03
-20.32500E-03,-1.08040201E+00,+189.51004E-03
-20.30000E-03,-1.08040201E+00,+197.55024E-03
-20.27500E-03,-1.00000000E+00,+189.51004E-03
-20.25000E-03,-1.00000000E+00,+189.51004E-03
-20.22500E-03,-959.79900E-03,+205.59044E-03
-20.20000E-03,-959.79900E-03,+205.59044E-03
-20.17500E-03,-919.59799E-03,+197.55024E-03
-20.15000E-03,-879.39699E-03,+205.59044E-03
-20.12500E-03,-839.19598E-03,+205.59044E-03
-20.10000E-03,-839.19598E-03,+213.63064E-03
-20.07500E-03,-839.19598E-03,+221.67084E-03
-20.05000E-03,-798.99498E-03,+213.63064E-03
-20.02500E-03,-758.79397E-03,+213.63064E-03
-20.00000E-03,-758.79397E-03,+213.63064E-03
-19.97500E-03,-718.59297E-03,+221.67084E-03
-19.95000E-03,-678.39196E-03,+221.67084E-03
-19.92500E-03,-678.39196E-03,+221.67084E-03
-19.90000E-03,-638.19096E-03,+229.71104E-03
-19.87500E-03,-597.98995E-03,+229.71104E-03
-19.85000E-03,-557.78895E-03,+229.71104E-03
-19.82500E-03,-517.58794E-03,+229.71104E-03
-19.80000E-03,-517.58794E-03,+229.71104E-03
-19.77500E-03,-477.38694E-03,+229.71104E-03
-19.75000E-03,-477.38694E-03,+237.75125E-03
-19.72500E-03,-437.18594E-03,+237.75125E-03
-19.70000E-03,-437.18594E-03,+237.75125E-03
-19.67500E-03,-396.98493E-03,+237.75125E-03
-19.65000E-03,-396.98493E-03,+237.75125E-03
-19.62500E-03,-316.58292E-03,+229.71104E-03
-19.60000E-03,-316.58292E-03,+237.75125E-03
-19.57500E-03,-316.58292E-03,+237.75125E-03
-19.55000E-03,-236.18091E-03,+245.79145E-03
-19.52500E-03,-236.18091E-03,+237.75125E-03
-19.50000E-03,-195.97991E-03,+245.79145E-03
-19.47500E-03,-155.77890E-03,+245.79145E-03
-19.45000E-03,-115.57790E-03,+237.75125E-03
-19.42500E-03,-75.37689E-03,+245.79145E-03
-19.40000E-03,-115.57790E-03,+245.79145E-03
-19.37500E-03,-35.17589E-03,+237.75125E-03
-19.35000E-03,+5.02511E-03,+237.75125E-03
-19.32500E-03,+5.02511E-03,+237.75125E-03
-19.30000E-03,+45.22612E-03,+245.79145E-03
-19.27500E-03,+85.42712E-03,+237.75125E-03
-19.25000E-03,+85.42712E-03,+245.79145E-03
-19.22500E-03,+165.82913E-03,+245.79145E-03
-19.20000E-03,+165.82913E-03,+237.75125E-03
-19.17500E-03,+206.03014E-03,+237.75125E-03
-19.15000E-03,+206.03014E-03,+245.79145E-03
-19.12500E-03,+246.23114E-03,+237.75125E-03
-19.10000E-03,+286.43215E-03,+245.79145E-03
-19.07500E-03,+326.63315E-03,+229.71104E-03
-19.05000E-03,+326.63315E-03,+237.75125E-03
-19.02500E-03,+407.03516E-03,+237.75125E-03
-19.00000E-03,+407.03516E-03,+245.79145E-03
-18.97500E-03,+407.03516E-03,+237.75125E-03
-18.95000E-03,+447.23617E-03,+237.75125E-03
-18.92500E-03,+447.23617E-03,+229.71104E-03
-18.90000E-03,+487.43717E-03,+237.75125E-03
-18.87500E-03,+567.83918E-03,+229.71104E-03
-18.85000E-03,+527.63817E-03,+229.71104E-03
-18.82500E-03,+567.83918E-03,+229.71104E-03
-18.80000E-03,+608.04018E-03,+229.71104E-03
-18.77500E-03,+608.04018E-03,+221.67084E-03
-18.75000E-03,+688.44219E-03,+229.71104E-03
-18.72500E-03,+688.44219E-03,+229.71104E-03
-18.70000E-03,+728.64320E-03,+221.67084E-03
-18.67500E-03,+728.64320E-03,+213.63064E-03
-18.65000E-03,+809.04521E-03,+221.67084E-03
-18.62500E-03,+809.04521E-03,+213.63064E-03
-18.60000E-03,+809.04521E-03,+213.63064E-03
-18.57500E-03,+849.24621E-03,+213.63064E-03
-18.55000E-03,+849.24621E-03,+205.59044E-03
-18.52500E-03,+889.44722E-03,+205.59044E-03
-18.50000E-03,+889.44722E-03,+205.59044E-03
-18.47500E-03,+929.64822E-03,+197.55024E-03
-18.45000E-03,+969.84923E-03,+197.55024E-03
-18.42500E-03,+1.01005023E+00,+205.59044E-03
-18.40000E-03,+1.01005023E+00,+197.55024E-03
-18.37500E-03,+1.05025123E+00,+181.46984E-03
-18.35000E-03,+1.01005023E+00,+189.51004E-03
-18.32500E-03,+1.09045224E+00,+181.46984E-03
-18.30000E-03,+1.13065324E+00,+189.51004E-03
-18.27500E-03,+1.13065324E+00,+189.51004E-03
-18.25000E-03,+1.13065324E+00,+181.46984E-03
-18.22500E-03,+1.21105525E+00,+181.46984E-03
-18.20000E-03,+1.21105525E+00,+173.42964E-03
-18.17500E-03,+1.21105525E+00,+173.42964E-03
-18.15000E-03,+1.25125626E+00,+173.42964E-03
-18.12500E-03,+1.25125626E+00,+165.38944E-03
-18.10000E-03,+1.33165827E+00,+157.34924E-03
-18.07500E-03,+1.25125626E+00,+157.34924E-03
-18.05000E-03,+1.33165827E+00,+157.34924E-03
-18.02500E-03,+1.37185927E+00,+157.34924E-03
-18.00000E-03,+1.37185927E+00,+149.30904E-03
-17.97500E-03,+1.37185927E+00,+141.26883E-03
-17.95000E-03,+1.41206028E+00,+141.26883E-03
-17.92500E-03,+1.37185927E+00,+141.26883E-03
-17.90000E-03,+1.41206028E+00,+133.22863E-03
-17.87500E-03,+1.45226128E+00,+133.22863E-03
-17.85000E-03,+1.45226128E+00,+133.22863E-03
-17.82500E-03,+1.49246228E+00,+125.18843E-03
-17.80000E-03,+1.49246228E+00,+117.14823E-03
-17.77500E-03,+1.53266329E+00,+117.14823E-03
-17.75000E-03,+1.49246228E+00,+117.14823E-03
-17.72500E-03,+1.49246228E+00,+117.14823E-03
-17.70000E-03,+1.53266329E+00,+109.10803E-03
-17.67500E-03,+1.53266329E+00,+101.06783E-03
-17.65000E-03,+1.53266329E+00,+93.02763E-03
-17.62500E-03,+1.57286429E+00,+101.06783E-03
-17.60000E-03,+1.57286429E+00,+93.02763E-03
-17.57500E-03,+1.61306530E+00,+93.02763E-03
-17.55000E-03,+1.57286429E+00,+84.98743E-03
-17.52500E-03,+1.61306530E+00,+76.94723E-03
-17.50000E-03,+1.61306530E+00,+76.94723E-03
-17.47500E-03,+1.61306530E+00,+60.86683E-03
-17.45000E-03,+1.65326630E+00,+60.86683E-03
-17.42500E-03,+1.61306530E+00,+52.82662E-03
-17.40000E-03,+1.61306530E+00,+52.82662E-03
-17.37500E-03,+1.65326630E+00,+36.74622E-03
-17.35000E-03,+1.65326630E+00,+28.70602E-03
-17.32500E-03,+1.65326630E+00,+28.70602E-03
-17.30000E-03,+1.65326630E+00,+28.70602E-03
-17.27500E-03,+1.69346731E+00,+20.66582E-03
-17.25000E-03,+1.69346731E+00,+20.66582E-03
-17.22500E-03,+1.69346731E+00,+20.66582E-03
-17.20000E-03,+1.69346731E+00,+12.62562E-03
-17.17500E-03,+1.69346731E+00,+12.62562E-03
-17.15000E-03,+1.69346731E+00,+12.62562E-03
-17.12500E-03,+1.69346731E+00,+4.58542E-03
-17.10000E-03,+1.69346731E+00,+12.62562E-03
-17.07500E-03,+1.69346731E+00,+4.58542E-03
-17.05000E-03,+1.73366831E+00,+4.58542E-03
-17.02500E-03,+1.69346731E+00,-3.45478E-03
-17.00000E-03,+1.73366831E+00,+4.58542E-03
-16.97500E-03,+1.69346731E+00,-3.45478E-03
-16.95000E-03,+1.69346731E+00,-3.45478E-03
-16.92500E-03,+1.73366831E+00,-3.45478E-03
-16.90000E-03,+1.69346731E+00,-3.45478E-03
-16.87500E-03,+1.73366831E+00,-3.45478E-03
-16.85000E-03,+1.69346731E+00,-3.45478E-03
-16.82500E-03,+1.69346731E+00,-3.45478E-03
-16.80000E-03,+1.69346731E+00,-11.49498E-03
-16.77500E-03,+1.69346731E+00,-11.49498E-03
-16.75000E-03,+1.69346731E+00,-11.49498E-03
-16.72500E-03,+1.69346731E+00,-11.49498E-03
-16.70000E-03,+1.65326630E+00,-11.49498E-03
-16.67500E-03,+1.65326630E+00,-11.49498E-03
-16.65000E-03,+1.69346731E+00,-19.53518E-03
-16.62500E-03,+1.69346731E+00,-19.53518E-03
-16.60000E-03,+1.69346731E+00,-19.53518E-03
-16.57500E-03,+1.65326630E+00,-19.53518E-03
-16.55000E-03,+1.65326630E+00,-27.57538E-03
-16.52500E-03,+1.69346731E+00,-27.57538E-03
-16.50000E-03,+1.65326630E+00,-35.61559E-03
-16.47500E-03,+1.69346731E+00,-43.65579E-03
-16.45000E-03,+1.65326630E+00,-51.69599E-03
-16.42500E-03,+1.65326630E+00,-59.73619E-03
-16.40000E-03,+1.65326630E+00,-59.73619E-03
-16.37500E-03,+1.65326630E+00,-67.77639E-03
-16.35000E-03,+1.65326630E+00,-67.77639E-03
-16.32500E-03,+1.61306530E+00,-75.81659E-03
-16.30000E-03,+1.57286429E+00,-75.81659E-03
-16.27500E-03,+1.57286429E+00,-83.85679E-03
-16.25000E-03,+1.61306530E+00,-91.89699E-03
-16.22500E-03,+1.57286429E+00,-99.93719E-03
-16.20000E-03,+1.61306530E+00,-91.89699E-03
-16.17500E-03,+1.53266329E+00,-91.89699E-03
-16.15000E-03,+1.61306530E+00,-99.93719E-03
-16.12500E-03,+1.57286429E+00,-107.97739E-03
-16.10000E-03,+1.57286429E+00,-116.01759E-03
-16.07500E-03,+1.57286429E+00,-116.01759E-03
-16.05000E-03,+1.53266329E+00,-116.01759E-03
-16.02500E-03,+1.53266329E+00,-116.01759E-03
-16.00000E-03,+1.49246228E+00,-124.05780E-03
-15.97500E-03,+1.45226128E+00,-132.09800E-03
-15.95000E-03,+1.49246228E+00,-132.09800E-03
-15.92500E-03,+1.45226128E+00,-132.09800E-03
-15.90000E-03,+1.45226128E+00,-140.13820E-03
-15.87500E-03,+1.41206028E+00,-148.17840E-03
-15.85000E-03,+1.41206028E+00,-148.17840E-03
-15.82500E-03,+1.37185927E+00,-148.17840E-03
-15.80000E-03,+1.37185927E+00,-148.17840E-03
-15.77500E-03,+1.33165827E+00,-148.17840E-03
-15.75000E-03,+1.33165827E+00,-156.21860E-03
-15.72500E-03,+1.29145726E+00,-156.21860E-03
-15.70000E-03,+1.29145726E+00,-164.25880E-03
-15.67500E-03,+1.29145726E+00,-164.25880E-03
-15.65000E-03,+1.25125626E+00,-164.25880E-03
-15.62500E-03,+1.25125626E+00,-172.29900E-03
-15.60000E-03,+1.21105525E+00,-180.33920E-03
-15.57500E-03,+1.17085425E+00,-180.33920E-03
-15.55000E-03,+1.17085425E+00,-180.33920E-03
-15.52500E-03,+1.13065324E+00,-188.37940E-03
-15.50000E-03,+1.09045224E+00,-188.37940E-03
-15.47500E-03,+1.09045224E+00,-196.41960E-03
-15.45000E-03,+1.09045224E+00,-196.41960E-03
-15.42500E-03,+1.05025123E+00,-196.41960E-03
-15.40000E-03,+1.05025123E+00,-196.41960E-03
-15.37500E-03,+1.01005023E+00,-196.41960E-03
-15.35000E-03,+1.01005023E+00,-204.45981E-03
-15.32500E-03,+969.84923E-03,-204.45981E-03
-15.30000E-03,+969.84923E-03,-204.45981E-03
-15.27500E-03,+929.64822E-03,-204.45981E-03
-15.25000E-03,+889.44722E-03,-212.50001E-03
-15.22500E-03,+889.44722E-03,-212.50001E-03
-15.20000E-03,+849.24621E-03,-212.50001E-03
-15.17500E-03,+809.04521E-03,-220.54021E-03
-15.15000E-03,+809.04521E-03,-220.54021E-03
-15.12500E-03,+768.84420E-03,-228.58041E-03
-15.10000E-03,+728.64320E-03,-220.54021E-03
-15.07500E-03,+728.64320E-03,-228.58041E-03
-15.05000E-03,+688.44219E-03,-228.58041E-03
-15.02500E-03,+728.64320E-03,-220.54021E-03
-15.00000E-03,+648.24119E-03,-228.58041E-03
-14.97500E-03,+648.24119E-03,-228.58041E-03
-14.95000E-03,+567.83918E-03,-228.58041E-03
-14.92500E-03,+567.83918E-03,-228.58041E-03
-14.90000E-03,+567.83918E-03,-236.62061E-03
-14.87500E-03,+527.63817E-03,-236.62061E-03
-14.85000E-03,+487.43717E-03,-236.62061E-03
-14.82500E-03,+447.23617E-03,-236.62061E-03
-14.80000E-03,+487.43717E-03,-236.62061E-03
-14.77500E-03,+407.03516E-03,-236.62061E-03
-14.75000E-03,+366.83416E-03,-236.62061E-03
-14.72500E-03,+366.83416E-03,-236.62061E-03
-14.70000E-03,+366.83416E-03,-252.70101E-03
-14.67500E-03,+286.43215E-03,-244.66081E-03
-14.65000E-03,+286.43215E-03,-244.66081E-03
-14.62500E-03,+206.03014E-03,-244.66081E-03
-14.60000E-03,+206.03014E-03,-236.62061E-03
-14.57500E-03,+206.03014E-03,-244.66081E-03
-14.55000E-03,+165.82913E-03,-244.66081E-03
-14.52500E-03,+165.82913E-03,-252.70101E-03
-14.50000E-03,+45.22612E-03,-252.70101E-03
-14.47500E-03,+85.42712E-03,-252.70101E-03
-14.45000E-03,+45.22612E-03,-252.70101E-03
-14.42500E-03,-35.17589E-03,-244.66081E-03
-14.40000E-03,+5.02511E-03,-244.66081E-03
-14.37500E-03,-35.17589E-03,-252.70101E-03
-14.35000E-03,-75.37689E-03,-252.70101E-03
-14.32500E-03,-75.37689E-03,-244.66081E-03
-14.30000E-03,-155.77890E-03,-252.70101E-03
-14.27500E-03,-195.97991E-03,-244.66081E-03
-14.25000E-03,-195.97991E-03,-244.66081E-03
-14.22500E-03,-236.18091E-03,-244.66081E-03
-14.20000E-03,-236.18091E-03,-244.66081E-03
-14.17500E-03,-276.38192E-03,-244.66081E-03
-14.15000E-03,-316.58292E-03,-236.62061E-03
-14.12500E-03,-316.58292E-03,-236.62061E-03
-14.10000E-03,-356.78393E-03,-244.66081E-03
-14.07500E-03,-396.98493E-03,-252.70101E-03
-14.05000E-03,-396.98493E-03,-252.70101E-03
-14.02500E-03,-437.18594E-03,-244.66081E-03
-14.00000E-03,-477.38694E-03,-236.62061E-03
-13.97500E-03,-517.58794E-03,-236.62061E-03
-13.95000E-03,-477.38694E-03,-236.62061E-03
-13.92500E-03,-557.78895E-03,-236.62061E-03
-13.90000E-03,-597.98995E-03,-236.62061E-03
-13.87500E-03,-597.98995E-03,-236.62061E-03
-13.85000E-03,-638.19096E-03,-228.58041E-03
-13.82500E-03,-678.39196E-03,-228.58041E-03
-13.80000E-03,-718.59297E-03,-228.58041E-03
-13.77500E-03,-718.59297E-03,-228.58041E-03
-13.75000E-03,-718.59297E-03,-220.54021E-03
-13.72500E-03,-758.79397E-03,-220.54021E-03
-13.70000E-03,-798.99498E-03,-220.54021E-03
-13.67500E-03,-798.99498E-03,-220.54021E-03
-13.65000E-03,-839.19598E-03,-220.54021E-03
-13.62500E-03,-839.19598E-03,-220.54021E-03
-13.60000E-03,-919.59799E-03,-212.50001E-03
-13.57500E-03,-919.59799E-03,-212.50001E-03
-13.55000E-03,-959.79900E-03,-204.45981E-03
-13.52500E-03,-959.79900E-03,-212.50001E-03
-13.50000E-03,-1.00000000E+00,-204.45981E-03
-13.47500E-03,-1.00000000E+00,-204.45981E-03
-13.45000E-03,-1.00000000E+00,-204.45981E-03
-13.42500E-03,-1.04020100E+00,-196.41960E-03
-13.40000E-03,-1.08040201E+00,-196.41960E-03
-13.37500E-03,-1.12060301E+00,-196.41960E-03
-13.35000E-03,-1.12060301E+00,-188.37940E-03
-13.32500E-03,-1.16080402E+00,-188.37940E-03
-13.30000E-03,-1.12060301E+00,-180.33920E-03
-13.27500E-03,-1.20100502E+00,-180.33920E-03
-13.25000E-03,-1.20100502E+00,-180.33920E-03
-13.22500E-03,-1.24120603E+00,-180.33920E-03
-13.20000E-03,-1.20100502E+00,-172.29900E-03
-13.17500E-03,-1.28140703E+00,-172.29900E-03
-13.15000E-03,-1.28140703E+00,-164.25880E-03
-13.12500E-03,-1.28140703E+00,-164.25880E-03
-13.10000E-03,-1.32160804E+00,-156.21860E-03
-13.07500E-03,-1.40201005E+00,-156.21860E-03
-13.05000E-03,-1.36180904E+00,-156.21860E-03
-13.02500E-03,-1.32160804E+00,-148.17840E-03
-13.00000E-03,-1.40201005E+00,-140.13820E-03
-12.97500E-03,-1.40201005E+00,-140.13820E-03
-12.95000E-03,-1.40201005E+00,-132.09800E-03
-12.92500E-03,-1.44221105E+00,-132.09800E-03
-12.90000E-03,-1.44221105E+00,-124.05780E-03
-12.87500E-03,-1.44221105E+00,-132.09800E-03
-12.85000E-03,-1.44221105E+00,-116.01759E-03
-12.82500E-03,-1.48241206E+00,-107.97739E-03
-12.80000E-03,-1.52261306E+00,-107.97739E-03
-12.77500E-03,-1.48241206E+00,-99.93719E-03
-12.75000E-03,-1.52261306E+00,-99.93719E-03
-12.72500E-03,-1.52261306E+00,-91.89699E-03
-12.70000E-03,-1.56281406E+00,-83.85679E-03
-12.67500E-03,-1.52261306E+00,-91.89699E-03
-12.65000E-03,-1.56281406E+00,-75.81659E-03
-12.62500E-03,-1.56281406E+00,-67.77639E-03
-12.60000E-03,-1.56281406E+00,-67.77639E-03
-12.57500E-03,-1.60301507E+00,-59.73619E-03
-12.55000E-03,-1.60301507E+00,-59.73619E-03
-12.52500E-03,-1.56281406E+00,-51.69599E-03
-12.50000E-03,-1.60301507E+00,-51.69599E-03
-12.47500E-03,-1.60301507E+00,-51.69599E-03
-12.45000E-03,-1.64321607E+00,-35.61559E-03
-12.42500E-03,-1.64321607E+00,-43.65579E-03
-12.40000E-03,-1.64321607E+00,-27.57538E-03
-12.37500E-03,-1.60301507E+00,-35.61559E-03
-12.35000E-03,-1.60301507E+00,-27.57538E-03
-12.32500E-03,-1.64321607E+00,-27.57538E-03
-12.30000E-03,-1.64321607E+00,-27.57538E-03
-12.27500E-03,-1.68341708E+00,-11.49498E-03
-12.25000E-03,-1.60301507E+00,-19.53518E-03
-12.22500E-03,-1.64321607E+00,-11.49498E-03
-12.20000E-03,-1.60301507E+00,-19.53518E-03
-12.17500E-03,-1.64321607E+00,-11.49498E-03
-12.15000E-03,-1.64321607E+00,-11.49498E-03
-12.12500E-03,-1.60301507E+00,-3.45478E-03
-12.10000E-03,-1.64321607E+00,-11.49498E-03
-12.07500E-03,-1.64321607E+00,-11.49498E-03
-12.05000E-03,-1.64321607E+00,-11.49498E-03
-12.02500E-03,-1.64321607E+00,-11.49498E-03
-12.00000E-03,-1.64321607E+00,-3.45478E-03
-11.97500E-03,-1.64321607E+00,-11.49498E-03
-11.95000E-03,-1.64321607E+00,-3.45478E-03
-11.92500E-03,-1.64321607E+00,-3.45478E-03
-11.90000E-03,-1.64321607E+00,+4.58542E-03
-11.87500E-03,-1.64321607E+00,-3.45478E-03
-11.85000E-03,-1.64321607E+00,-3.45478E-03
-11.82500E-03,-1.60301507E+00,+4.58542E-03
-11.80000E-03,-1.64321607E+00,-3.45478E-03
-11.77500E-03,-1.68341708E+00,+4.58542E-03
-11.75000E-03,-1.64321607E+00,-3.45478E-03
-11.72500E-03,-1.64321607E+00,+4.58542E-03
-11.70000E-03,-1.64321607E+00,+4.58542E-03
-11.67500E-03,-1.64321607E+00,+4.58542E-03
-11.65000E-03,-1.60301507E+00,+4.58542E-03
-11.62500E-03,-1.64321607E+00,+4.58542E-03
-11.60000E-03,-1.64321607E+00,+4.58542E-03
-11.57500E-03,-1.60301507E+00,+12.62562E-03
-11.55000E-03,-1.64321607E+00,+20.66582E-03
-11.52500E-03,-1.64321607E+00,+12.62562E-03
-11.50000E-03,-1.64321607E+00,+20.66582E-03
-11.47500E-03,-1.60301507E+00,+20.66582E-03
-11.45000E-03,-1.60301507E+00,+12.62562E-03
-11.42500E-03,-1.60301507E+00,+20.66582E-03
-11.40000E-03,-1.60301507E+00,+36.74622E-03
-11.37500E-03,-1.60301507E+00,+28.70602E-03
-11.35000E-03,-1.60301507E+00,+36.74622E-03
-11.32500E-03,-1.60301507E+00,+36.74622E-03
-11.30000E-03,-1.56281406E+00,+44.78642E-03
-11.27500E-03,-1.60301507E+00,+60.86683E-03
-11.25000E-03,-1.56281406E+00,+60.86683E-03
-11.22500E-03,-1.56281406E+00,+60.86683E-03
-11.20000E-03,-1.52261306E+00,+60.86683E-03
-11.17500E-03,-1.56281406E+00,+60.86683E-03
-11.15000E-03,-1.52261306E+00,+68.90703E-03
-11.12500E-03,-1.52261306E+00,+84.98743E-03
-11.10000E-03,-1.52261306E+00,+76.94723E-03
-11.07500E-03,-1.52261306E+00,+84.98743E-03
-11.05000E-03,-1.52261306E+00,+84.98743E-03
-11.02500E-03,-1.48241206E+00,+101.06783E-03
-11.00000E-03,-1.48241206E+00,+93.02763E-03
-10.97500E-03,-1.44221105E+00,+101.06783E-03
-10.95000E-03,-1.44221105E+00,+109.10803E-03
-10.92500E-03,-1.48241206E+00,+109.10803E-03
-10.90000E-03,-1.40201005E+00,+125.18843E-03
-10.87500E-03,-1.44221105E+00,+125.18843E-03
-10.85000E-03,-1.40201005E+00,+125.18843E-03
-10.82500E-03,-1.32160804E+00,+133.22863E-03
-10.80000E-03,-1.36180904E+00,+133.22863E-03
-10.77500E-03,-1.36180904E+00,+141.26883E-03
-10.75000E-03,-1.36180904E+00,+133.22863E-03
-10.72500E-03,-1.32160804E+00,+149.30904E-03
-10.70000E-03,-1.28140703E+00,+149.30904E-03
-10.67500E-03,-1.28140703E+00,+157.34924E-03
-10.65000E-03,-1.28140703E+00,+165.38944E-03
-10.62500E-03,-1.20100502E+00,+157.34924E-03
-10.60000E-03,-1.20100502E+00,+165.38944E-03
-10.57500E-03,-1.20100502E+00,+173.42964E-03
-10.55000E-03,-1.20100502E+00,+173.42964E-03
-10.52500E-03,-1.16080402E+00,+181.46984E-03
-10.50000E-03,-1.16080402E+00,+173.42964E-03
-10.47500E-03,-1.12060301E+00,+181.46984E-03
-10.45000E-03,-1.08040201E+00,+181.46984E-03
-10.42500E-03,-1.08040201E+00,+189.51004E-03
-10.40000E-03,-1.00000000E+00,+189.51004E-03
-10.37500E-03,-1.04020100E+00,+197.55024E-03
-10.35000E-03,-1.04020100E+00,+189.51004E-03
-10.32500E-03,-959.79900E-03,+197.55024E-03
-10.30000E-03,-1.00000000E+00,+197.55024E-03
-10.27500E-03,-959.79900E-03,+205.59044E-03
-10.25000E-03,-919.59799E-03,+197.55024E-03
-10.22500E-03,-879.39699E-03,+205.59044E-03
-10.20000E-03,-839.19598E-03,+213.63064E-03
-10.17500E-03,-879.39699E-03,+213.63064E-03
-10.15000E-03,-839.19598E-03,+213.63064E-03
-10.12500E-03,-798.99498E-03,+221.67084E-03
-10.10000E-03,-758.79397E-03,+221.67084E-03
-10.07500E-03,-758.79397E-03,+221.67084E-03
-10.05000E-03,-718.59297E-03,+221.67084E-03
-10.02500E-03,-678.39196E-03,+229.71104E-03
-10.00000E-03,-678.39196E-03,+221.67084E-03
-9.97500E-03,-597.98995E-03,+221.67084E-03
-9.95000E-03,-638.19096E-03,+221.67084E-03
-9.92500E-03,-557.78895E-03,+229.71104E-03
-9.90000E-03,-517.58794E-03,+229.71104E-03
-9.87500E-03,-557.78895E-03,+229.71104E-03
-9.85000E-03,-517.58794E-03,+237.75125E-03
-9.82500E-03,-517.58794E-03,+229.71104E-03
-9.80000E-03,-437.18594E-03,+237.75125E-03
-9.77500E-03,-437.18594E-03,+237.75125E-03
-9.75000E-03,-356.78393E-03,+237.75125E-03
-9.72500E-03,-396.98493E-03,+245.79145E-03
-9.70000E-03,-316.58292E-03,+245.79145E-03
-9.67500E-03,-316.58292E-03,+237.75125E-03
-9.65000E-03,-276.38192E-03,+245.79145E-03
-9.62500E-03,-236.18091E-03,+237.75125E-03
-9.60000E-03,-195.97991E-03,+237.75125E-03
-9.57500E-03,-236.18091E-03,+229.71104E-03
-9.55000E-03,-155.77890E-03,+245.79145E-03
-9.52500E-03,-155.77890E-03,+237.75125E-03
-9.50000E-03,-75.37689E-03,+237.75125E-03
-9.47500E-03,-75.37689E-03,+237.75125E-03
-9.45000E-03,-35.17589E-03,+245.79145E-03
-9.42500E-03,+5.02511E-03,+237.75125E-03
-9.40000E-03,+5.02511E-03,+237.75125E-03
-9.37500E-03,+45.22612E-03,+245.79145E-03
-9.35000E-03,+85.42712E-03,+245.79145E-03
-9.32500E-03,+85.42712E-03,+245.79145E-03
-9.30000E-03,+125.62813E-03,+245.79145E-03
-9.27500E-03,+165.82913E-03,+237.75125E-03
-9.25000E-03,+206.03014E-03,+229.71104E-03
-9.22500E-03,+206.03014E-03,+245.79145E-03
-9.20000E-03,+246.23114E-03,+245.79145E-03
-9.17500E-03,+286.43215E-03,+245.79145E-03
-9.15000E-03,+286.43215E-03,+237.75125E-03
-9.12500E-03,+366.83416E-03,+237.75125E-03
-9.10000E-03,+366.83416E-03,+237.75125E-03
-9.07500E-03,+407.03516E-03,+237.75125E-03
-9.05000E-03,+447.23617E-03,+237.75125E-03
-9.02500E-03,+447.23617E-03,+237.75125E-03
-9.00000E-03,+487.43717E-03,+229.71104E-03
-8.97500E-03,+487.43717E-03,+229.71104E-03
-8.95000E-03,+527.63817E-03,+229.71104E-03
-8.92500E-03,+567.83918E-03,+229.71104E-03
-8.90000E-03,+608.04018E-03,+229.71104E-03
-8.87500E-03,+608.04018E-03,+221.67084E-03
-8.85000E-03,+648.24119E-03,+221.67084E-03
-8.82500E-03,+688.44219E-03,+221.67084E-03
-8.80000E-03,+688.44219E-03,+221.67084E-03
-8.77500E-03,+728.64320E-03,+221.67084E-03
-8.75000E-03,+768.84420E-03,+221.67084E-03
-8.72500E-03,+768.84420E-03,+213.63064E-03
-8.70000E-03,+809.04521E-03,+213.63064E-03
-8.67500E-03,+809.04521E-03,+213.63064E-03
-8.65000E-03,+849.24621E-03,+213.63064E-03
-8.62500E-03,+889.44722E-03,+213.63064E-03
-8.60000E-03,+889.44722E-03,+205.59044E-03
-8.57500E-03,+929.64822E-03,+205.59044E-03
-8.55000E-03,+929.64822E-03,+205.59044E-03
-8.52500E-03,+969.84923E-03,+197.55024E-03
-8.50000E-03,+1.01005023E+00,+205.59044E-03
-8.47500E-03,+1.01005023E+00,+197.55024E-03
-8.45000E-03,+1.01005023E+00,+197.55024E-03
-8.42500E-03,+1.05025123E+00,+189.51004E-03
-8.40000E-03,+1.09045224E+00,+181.46984E-03
-8.37500E-03,+1.09045224E+00,+181.46984E-03
-8.35000E-03,+1.13065324E+00,+189.51004E-03
-8.32500E-03,+1.13065324E+00,+181.46984E-03
-8.30000E-03,+1.17085425E+00,+181.46984E-03
-8.27500E-03,+1.21105525E+00,+173.42964E-03
-8.25000E-03,+1.21105525E+00,+173.42964E-03
-8.22500E-03,+1.21105525E+00,+165.38944E-03
-8.20000E-03,+1.25125626E+00,+165.38944E-03
-8.17500E-03,+1.25125626E+00,+165.38944E-03
-8.15000E-03,+1.29145726E+00,+157.34924E-03
-8.12500E-03,+1.33165827E+00,+157.34924E-03
-8.10000E-03,+1.33165827E+00,+157.34924E-03
-8.07500E-03,+1.33165827E+00,+149.30904E-03
-8.05000E-03,+1.37185927E+00,+149.30904E-03
-8.02500E-03,+1.41206028E+00,+149.30904E-03
-8.00000E-03,+1.45226128E+00,+141.26883E-03
-7.97500E-03,+1.41206028E+00,+141.26883E-03
-7.95000E-03,+1.41206028E+00,+133.22863E-03
-7.92500E-03,+1.45226128E+00,+133.22863E-03
-7.90000E-03,+1.45226128E+00,+125.18843E-03
-7.87500E-03,+1.49246228E+00,+125.18843E-03
-7.85000E-03,+1.49246228E+00,+117.14823E-03
-7.82500E-03,+1.49246228E+00,+117.14823E-03
-7.80000E-03,+1.53266329E+00,+109.10803E-03
-7.77500E-03,+1.57286429E+00,+117.14823E-03
-7.75000E-03,+1.53266329E+00,+101.06783E-03
-7.72500E-03,+1.57286429E+00,+101.06783E-03
-7.70000E-03,+1.57286429E+00,+101.06783E-03
-7.67500E-03,+1.61306530E+00,+93.02763E-03
-7.65000E-03,+1.57286429E+00,+84.98743E-03
-7.62500E-03,+1.61306530E+00,+84.98743E-03
-7.60000E-03,+1.61306530E+00,+76.94723E-03
-7.57500E-03,+1.61306530E+00,+68.90703E-03
-7.55000E-03,+1.61306530E+00,+60.86683E-03
-7.52500E-03,+1.65326630E+00,+60.86683E-03
-7.50000E-03,+1.65326630E+00,+60.86683E-03
-7.47500E-03,+1.65326630E+00,+52.82662E-03
-7.45000E-03,+1.69346731E+00,+44.78642E-03
-7.42500E-03,+1.65326630E+00,+36.74622E-03
-7.40000E-03,+1.65326630E+00,+36.74622E-03
-7.37500E-03,+1.65326630E+00,+28.70602E-03
-7.35000E-03,+1.65326630E+00,+20.66582E-03
-7.32500E-03,+1.69346731E+00,+12.62562E-03
-7.30000E-03,+1.65326630E+00,+20.66582E-03
-7.27500E-03,+1.73366831E+00,+12.62562E-03
-7.25000E-03,+1.69346731E+00,+12.62562E-03
-7.22500E-03,+1.69346731E+00,+20.66582E-03
-7.20000E-03,+1.69346731E+00,+12.62562E-03
-7.17500E-03,+1.69346731E+00,-3.45478E-03
-7.15000E-03,+1.73366831E+00,+12.62562E-03
-7.12500E-03,+1.69346731E+00,+4.58542E-03
-7.10000E-03,+1.73366831E+00,+4.58542E-03
-7.07500E-03,+1.69346731E+00,+4.58542E-03
-7.05000E-03,+1.73366831E+00,-11.49498E-03
-7.02500E-03,+1.73366831E+00,-3.45478E-03
-7.00000E-03,+1.69346731E+00,-11.49498E-03
-6.97500E-03,+1.69346731E+00,-3.45478E-03
-6.95000E-03,+1.69346731E+00,-3.45478E-03
-6.92500E-03,+1.69346731E+00,-11.49498E-03
-6.90000E-03,+1.69346731E+00,-11.49498E-03
-6.87500E-03,+1.73366831E+00,-3.45478E-03
-6.85000E-03,+1.65326630E+00,-11.49498E-03
-6.82500E-03,+1.69346731E+00,-11.49498E-03
-6.80000E-03,+1.73366831E+00,-11.49498E-03
-6.77500E-03,+1.69346731E+00,-11.49498E-03
-6.75000E-03,+1.69346731E+00,-11.49498E-03
-6.72500E-03,+1.73366831E+00,-19.53518E-03
-6.70000E-03,+1.69346731E+00,-11.49498E-03
-6.67500E-03,+1.69346731E+00,-19.53518E-03
-6.65000E-03,+1.69346731E+00,-19.53518E-03
-6.62500E-03,+1.69346731E+00,-19.53518E-03
-6.60000E-03,+1.69346731E+00,-27.57538E-03
-6.57500E-03,+1.69346731E+00,-27.57538E-03
-6.55000E-03,+1.69346731E+00,-27.57538E-03
-6.52500E-03,+1.69346731E+00,-43.65579E-03
-6.50000E-03,+1.65326630E+00,-51.69599E-03
-6.47500E-03,+1.65326630E+00,-51.69599E-03
-6.45000E-03,+1.65326630E+00,-59.73619E-03
-6.42500E-03,+1.65326630E+00,-59.73619E-03
-6.40000E-03,+1.65326630E+00,-67.77639E-03
-6.37500E-03,+1.65326630E+00,-75.81659E-03
-6.35000E-03,+1.65326630E+00,-75.81659E-03
-6.32500E-03,+1.65326630E+00,-75.81659E-03
-6.30000E-03,+1.61306530E+00,-83.85679E-03
-6.27500E-03,+1.57286429E+00,-91.89699E-03
-6.25000E-03,+1.57286429E+00,-91.89699E-03
-6.22500E-03,+1.61306530E+00,-91.89699E-03
-6.20000E-03,+1.57286429E+00,-107.97739E-03
-6.17500E-03,+1.57286429E+00,-107.97739E-03
-6.15000E-03,+1.53266329E+00,-107.97739E-03
-6.12500E-03,+1.53266329E+00,-116.01759E-03
-6.10000E-03,+1.53266329E+00,-116.01759E-03
-6.07500E-03,+1.53266329E+00,-124.05780E-03
-6.05000E-03,+1.49246228E+00,-124.05780E-03
-6.02500E-03,+1.49246228E+00,-132.09800E-03
-6.00000E-03,+1.45226128E+00,-140.13820E-03
-5.97500E-03,+1.45226128E+00,-140.13820E-03
-5.95000E-03,+1.41206028E+00,-140.13820E-03
-5.92500E-03,+1.41206028E+00,-140.13820E-03
-5.90000E-03,+1.41206028E+00,-148.17840E-03
-5.87500E-03,+1.37185927E+00,-148.17840E-03
-5.85000E-03,+1.37185927E+00,-156.21860E-03
-5.82500E-03,+1.37185927E+00,-156.21860E-03
-5.80000E-03,+1.33165827E+00,-164.25880E-03
-5.77500E-03,+1.33165827E+00,-164.25880E-03
-5.75000E-03,+1.33165827E+00,-164.25880E-03
-5.72500E-03,+1.25125626E+00,-164.25880E-03
-5.70000E-03,+1.25125626E+00,-172.29900E-03
-5.67500E-03,+1.21105525E+00,-172.29900E-03
-5.65000E-03,+1.25125626E+00,-180.33920E-03
-5.62500E-03,+1.21105525E+00,-172.29900E-03
-5.60000E-03,+1.21105525E+00,-180.33920E-03
-5.57500E-03,+1.13065324E+00,-180.33920E-03
-5.55000E-03,+1.13065324E+00,-188.37940E-03
-5.52500E-03,+1.13065324E+00,-188.37940E-03
-5.50000E-03,+1.09045224E+00,-188.37940E-03
-5.47500E-03,+1.05025123E+00,-188.37940E-03
-5.45000E-03,+1.05025123E+00,-204.45981E-03
-5.42500E-03,+1.05025123E+00,-204.45981E-03
-5.40000E-03,+1.01005023E+00,-204.45981E-03
-5.37500E-03,+969.84923E-03,-204.45981E-03
-5.35000E-03,+969.84923E-03,-212.50001E-03
-5.32500E-03,+929.64822E-03,-204.45981E-03
-5.30000E-03,+889.44722E-03,-212.50001E-03
-5.27500E-03,+849.24621E-03,-220.54021E-03
-5.25000E-03,+849.24621E-03,-212.50001E-03
-5.22500E-03,+849.24621E-03,-212.50001E-03
-5.20000E-03,+809.04521E-03,-220.54021E-03
-5.17500E-03,+809.04521E-03,-228.58041E-03
-5.15000E-03,+768.84420E-03,-228.58041E-03
-5.12500E-03,+728.64320E-03,-220.54021E-03
-5.10000E-03,+688.44219E-03,-228.58041E-03
-5.07500E-03,+688.44219E-03,-228.58041E-03
-5.05000E-03,+648.24119E-03,-228.58041E-03
-5.02500E-03,+648.24119E-03,-228.58041E-03
-5.00000E-03,+608.04018E-03,-228.58041E-03
-4.97500E-03,+608.04018E-03,-236.62061E-03
-4.95000E-03,+567.83918E-03,-228.58041E-03
-4.92500E-03,+527.63817E-03,-228.58041E-03
-4.90000E-03,+487.43717E-03,-236.62061E-03
-4.87500E-03,+447.23617E-03,-236.62061E-03
-4.85000E-03,+447.23617E-03,-236.62061E-03
-4.82500E-03,+407.03516E-03,-236.62061E-03
-4.80000E-03,+407.03516E-03,-244.66081E-03
-4.77500E-03,+366.83416E-03,-236.62061E-03
-4.75000E-03,+326.63315E-03,-252.70101E-03
-4.72500E-03,+326.63315E-03,-244.66081E-03
-4.70000E-03,+286.43215E-03,-244.66081E-03
-4.67500E-03,+246.23114E-03,-244.66081E-03
-4.65000E-03,+206.03014E-03,-236.62061E-03
-4.62500E-03,+165.82913E-03,-244.66081E-03
-4.60000E-03,+165.82913E-03,-252.70101E-03
-4.57500E-03,+125.62813E-03,-236.62061E-03
-4.55000E-03,+85.42712E-03,-252.70101E-03
-4.52500E-03,+85.42712E-03,-252.70101E-03
-4.50000E-03,+45.22612E-03,-244.66081E-03
-4.47500E-03,+5.02511E-03,-252.70101E-03
-4.45000E-03,+5.02511E-03,-244.66081E-03
-4.42500E-03,-75.37689E-03,-244.66081E-03
-4.40000E-03,-75.37689E-03,-244.66081E-03
-4.37500E-03,-75.37689E-03,-244.66081E-03
-4.35000E-03,-115.57790E-03,-244.66081E-03
-4.32500E-03,-115.57790E-03,-244.66081E-03
-4.30000E-03,-195.97991E-03,-244.66081E-03
-4.27500E-03,-195.97991E-03,-244.66081E-03
-4.25000E-03,-236.18091E-03,-252.70101E-03
-4.22500E-03,-276.38192E-03,-244.66081E-03
-4.20000E-03,-276.38192E-03,-244.66081E-03
-4.17500E-03,-316.58292E-03,-236.62061E-03
-4.15000E-03,-396.98493E-03,-244.66081E-03
-4.12500E-03,-437.18594E-03,-244.66081E-03
-4.10000E-03,-396.98493E-03,-244.66081E-03
-4.07500E-03,-437.18594E-03,-236.62061E-03
-4.05000E-03,-477.38694E-03,-244.66081E-03
-4.02500E-03,-517.58794E-03,-244.66081E-03
-4.00000E-03,-557.78895E-03,-244.66081E-03
-3.97500E-03,-557.78895E-03,-236.62061E-03
-3.95000E-03,-597.98995E-03,-236.62061E-03
-3.92500E-03,-638.19096E-03,-228.58041E-03
-3.90000E-03,-638.19096E-03,-236.62061E-03
-3.87500E-03,-718.59297E-03,-228.58041E-03
-3.85000E-03,-678.39196E-03,-228.58041E-03
-3.82500E-03,-718.59297E-03,-228.58041E-03
-3.80000E-03,-718.59297E-03,-220.54021E-03
-3.77500E-03,-758.79397E-03,-220.54021E-03
-3.75000E-03,-798.99498E-03,-220.54021E-03
-3.72500E-03,-798.99498E-03,-220.54021E-03
-3.70000E-03,-839.19598E-03,-220.54021E-03
-3.67500E-03,-839.19598E-03,-220.54021E-03
-3.65000E-03,-879.39699E-03,-220.54021E-03
-3.62500E-03,-879.39699E-03,-212.50001E-03
-3.60000E-03,-919.59799E-03,-212.50001E-03
-3.57500E-03,-959.79900E-03,-212.50001E-03
-3.55000E-03,-959.79900E-03,-212.50001E-03
-3.52500E-03,-1.00000000E+00,-204.45981E-03
-3.50000E-03,-1.00000000E+00,-204.45981E-03
-3.47500E-03,-1.04020100E+00,-196.41960E-03
-3.45000E-03,-1.04020100E+00,-196.41960E-03
-3.42500E-03,-1.12060301E+00,-196.41960E-03
-3.40000E-03,-1.08040201E+00,-188.37940E-03
-3.37500E-03,-1.16080402E+00,-188.37940E-03
-3.35000E-03,-1.16080402E+00,-188.37940E-03
-3.32500E-03,-1.20100502E+00,-180.33920E-03
-3.30000E-03,-1.20100502E+00,-180.33920E-03
-3.27500E-03,-1.24120603E+00,-180.33920E-03
-3.25000E-03,-1.24120603E+00,-172.29900E-03
-3.22500E-03,-1.24120603E+00,-172.29900E-03
-3.20000E-03,-1.28140703E+00,-164.25880E-03
-3.17500E-03,-1.28140703E+00,-164.25880E-03
-3.15000E-03,-1.32160804E+00,-156.21860E-03
-3.12500E-03,-1.28140703E+00,-156.21860E-03
-3.10000E-03,-1.36180904E+00,-148.17840E-03
-3.07500E-03,-1.40201005E+00,-148.17840E-03
-3.05000E-03,-1.40201005E+00,-140.13820E-03
-3.02500E-03,-1.40201005E+00,-140.13820E-03
-3.00000E-03,-1.40201005E+00,-140.13820E-03
-2.97500E-03,-1.44221105E+00,-132.09800E-03
-2.95000E-03,-1.44221105E+00,-124.05780E-03
-2.92500E-03,-1.48241206E+00,-124.05780E-03
-2.90000E-03,-1.48241206E+00,-124.05780E-03
-2.87500E-03,-1.48241206E+00,-116.01759E-03
-2.85000E-03,-1.48241206E+00,-107.97739E-03
-2.82500E-03,-1.52261306E+00,-107.97739E-03
-2.80000E-03,-1.56281406E+00,-99.93719E-03
-2.77500E-03,-1.52261306E+00,-99.93719E-03
-2.75000E-03,-1.52261306E+00,-91.89699E-03
-2.72500E-03,-1.56281406E+00,-75.81659E-03
-2.70000E-03,-1.56281406E+00,-75.81659E-03
-2.67500E-03,-1.60301507E+00,-75.81659E-03
-2.65000E-03,-1.56281406E+00,-67.77639E-03
-2.62500E-03,-1.60301507E+00,-59.73619E-03
-2.60000E-03,-1.56281406E+00,-59.73619E-03
-2.57500E-03,-1.60301507E+00,-51.69599E-03
-2.55000E-03,-1.60301507E+00,-51.69599E-03
-2.52500E-03,-1.60301507E+00,-43.65579E-03
-2.50000E-03,-1.60301507E+00,-43.65579E-03
-2.47500E-03,-1.60301507E+00,-35.61559E-03
-2.45000E-03,-1.60301507E+00,-35.61559E-03
-2.42500E-03,-1.64321607E+00,-35.61559E-03
-2.40000E-03,-1.60301507E+00,-27.57538E-03
-2.37500E-03,-1.64321607E+00,-27.57538E-03
-2.35000E-03,-1.64321607E+00,-27.57538E-03
-2.32500E-03,-1.68341708E+00,-19.53518E-03
-2.30000E-03,-1.60301507E+00,-11.49498E-03
-2.27500E-03,-1.64321607E+00,-11.49498E-03
-2.25000E-03,-1.64321607E+00,-11.49498E-03
-2.22500E-03,-1.60301507E+00,-11.49498E-03
-2.20000E-03,-1.64321607E+00,-11.49498E-03
-2.17500E-03,-1.60301507E+00,-11.49498E-03
-2.15000E-03,-1.64321607E+00,-11.49498E-03
-2.12500E-03,-1.64321607E+00,-3.45478E-03
-2.10000E-03,-1.64321607E+00,-3.45478E-03
-2.07500E-03,-1.64321607E+00,-3.45478E-03
-2.05000E-03,-1.64321607E+00,-3.45478E-03
-2.02500E-03,-1.60301507E+00,-11.49498E-03
-2.00000E-03,-1.68341708E+00,-11.49498E-03
-1.97500E-03,-1.60301507E+00,-3.45478E-03
-1.95000E-03,-1.64321607E+00,-3.45478E-03
-1.92500E-03,-1.64321607E+00,+4.58542E-03
-1.90000E-03,-1.64321607E+00,+4.58542E-03
-1.87500E-03,-1.64321607E+00,-3.45478E-03
-1.85000E-03,-1.64321607E+00,-3.45478E-03
-1.82500E-03,-1.64321607E+00,+4.58542E-03
-1.80000E-03,-1.60301507E+00,+4.58542E-03
-1.77500E-03,-1.64321607E+00,-3.45478E-03
-1.75000E-03,-1.64321607E+00,+4.58542E-03
-1.72500E-03,-1.60301507E+00,+4.58542E-03
-1.70000E-03,-1.64321607E+00,+12.62562E-03
-1.67500E-03,-1.64321607E+00,+4.58542E-03
-1.65000E-03,-1.60301507E+00,+12.62562E-03
-1.62500E-03,-1.68341708E+00,+4.58542E-03
-1.60000E-03,-1.64321607E+00,+12.62562E-03
-1.57500E-03,-1.60301507E+00,+12.62562E-03
-1.55000E-03,-1.60301507E+00,+20.66582E-03
-1.52500E-03,-1.64321607E+00,+20.66582E-03
-1.50000E-03,-1.60301507E+00,+20.66582E-03
-1.47500E-03,-1.60301507E+00,+28.70602E-03
-1.45000E-03,-1.60301507E+00,+28.70602E-03
-1.42500E-03,-1.56281406E+00,+36.74622E-03
-1.40000E-03,-1.60301507E+00,+36.74622E-03
-1.37500E-03,-1.60301507E+00,+52.82662E-03
-1.35000E-03,-1.56281406E+00,+52.82662E-03
-1.32500E-03,-1.56281406E+00,+52.82662E-03
-1.30000E-03,-1.56281406E+00,+60.86683E-03
-1.27500E-03,-1.56281406E+00,+60.86683E-03
-1.25000E-03,-1.56281406E+00,+60.86683E-03
-1.22500E-03,-1.52261306E+00,+68.90703E-03
-1.20000E-03,-1.56281406E+00,+68.90703E-03
-1.17500E-03,-1.56281406E+00,+84.98743E-03
-1.15000E-03,-1.52261306E+00,+84.98743E-03
-1.12500E-03,-1.48241206E+00,+84.98743E-03
-1.10000E-03,-1.48241206E+00,+101.06783E-03
-1.07500E-03,-1.48241206E+00,+101.06783E-03
-1.05000E-03,-1.52261306E+00,+101.06783E-03
-1.02500E-03,-1.48241206E+00,+101.06783E-03
-1.00000E-03,-1.44221105E+00,+109.10803E-03
-975.00E-06,-1.44221105E+00,+117.14823E-03
-950.00E-06,-1.44221105E+00,+117.14823E-03
-925.00E-06,-1.40201005E+00,+117.14823E-03
-900.00E-06,-1.40201005E+00,+125.18843E-03
-875.00E-06,-1.36180904E+00,+125.18843E-03
-850.00E-06,-1.36180904E+00,+133.22863E-03
-825.00E-06,-1.36180904E+00,+141.26883E-03
-800.00E-06,-1.32160804E+00,+149.30904E-03
-775.00E-06,-1.32160804E+00,+141.26883E-03
-750.00E-06,-1.28140703E+00,+149.30904E-03
-725.00E-06,-1.28140703E+00,+149.30904E-03
-700.00E-06,-1.28140703E+00,+157.34924E-03
-675.00E-06,-1.24120603E+00,+157.34924E-03
-650.00E-06,-1.24120603E+00,+165.38944E-03
-625.00E-06,-1.20100502E+00,+165.38944E-03
-600.00E-06,-1.20100502E+00,+165.38944E-03
-575.00E-06,-1.16080402E+00,+165.38944E-03
-550.00E-06,-1.12060301E+00,+181.46984E-03
-525.00E-06,-1.08040201E+00,+181.46984E-03
-500.00E-06,-1.08040201E+00,+189.51004E-03
-475.00E-06,-1.08040201E+00,+181.46984E-03
-450.00E-06,-1.08040201E+00,+189.51004E-03
-425.00E-06,-1.04020100E+00,+197.55024E-03
-400.00E-06,-1.00000000E+00,+197.55024E-03
-375.00E-06,-1.00000000E+00,+197.55024E-03
-350.00E-06,-959.79900E-03,+197.55024E-03
-325.00E-06,-919.59799E-03,+213.63064E-03
-300.00E-06,-959.79900E-03,+205.59044E-03
-275.00E-06,-879.39699E-03,+205.59044E-03
-250.00E-06,-879.39699E-03,+213.63064E-03
-225.00E-06,-839.19598E-03,+213.63064E-03
-200.00E-06,-798.99498E-03,+213.63064E-03
-175.00E-06,-798.99498E-03,+221.67084E-03
-150.00E-06,-798.99498E-03,+213.63064E-03
-125.00E-06,-718.59297E-03,+221.67084E-03
-100.00E-06,-718.59297E-03,+221.67084E-03
-75.00E-06,-718.59297E-03,+221.67084E-03
-50.00E-06,-638.19096E-03,+229.71104E-03
-25.00E-06,-638.19096E-03,+221.67084E-03
+0.0E+00,-597.98995E-03,+229.71104E-03
+25.00E-06,-597.98995E-03,+221.67084E-03
+50.00E-06,-557.78895E-03,+221.67084E-03
+75.00E-06,-557.78895E-03,+237.75125E-03
+100.00E-06,-517.58794E-03,+237.75125E-03
+125.00E-06,-437.18594E-03,+237.75125E-03
+150.00E-06,-437.18594E-03,+237.75125E-03
+175.00E-06,-437.18594E-03,+237.75125E-03
+200.00E-06,-396.98493E-03,+237.75125E-03
+225.00E-06,-316.58292E-03,+237.75125E-03
+250.00E-06,-356.78393E-03,+245.79145E-03
+275.00E-06,-316.58292E-03,+237.75125E-03
+300.00E-06,-276.38192E-03,+237.75125E-03
+325.00E-06,-236.18091E-03,+245.79145E-03
+350.00E-06,-236.18091E-03,+245.79145E-03
+375.00E-06,-236.18091E-03,+237.75125E-03
+400.00E-06,-195.97991E-03,+245.79145E-03
+425.00E-06,-115.57790E-03,+245.79145E-03
+450.00E-06,-75.37689E-03,+245.79145E-03
+475.00E-06,-115.57790E-03,+245.79145E-03
+500.00E-06,-35.17589E-03,+245.79145E-03
+525.00E-06,+5.02511E-03,+237.75125E-03
+550.00E-06,+45.22612E-03,+245.79145E-03
+575.00E-06,+45.22612E-03,+245.79145E-03
+600.00E-06,+85.42712E-03,+237.75125E-03
+625.00E-06,+85.42712E-03,+237.75125E-03
+650.00E-06,+165.82913E-03,+245.79145E-03
+675.00E-06,+165.82913E-03,+237.75125E-03
+700.00E-06,+165.82913E-03,+245.79145E-03
+725.00E-06,+206.03014E-03,+237.75125E-03
+750.00E-06,+246.23114E-03,+245.79145E-03
+775.00E-06,+286.43215E-03,+237.75125E-03
+800.00E-06,+326.63315E-03,+237.75125E-03
+825.00E-06,+326.63315E-03,+237.75125E-03
+850.00E-06,+366.83416E-03,+237.75125E-03
+875.00E-06,+407.03516E-03,+245.79145E-03
+900.00E-06,+447.23617E-03,+237.75125E-03
+925.00E-06,+447.23617E-03,+229.71104E-03
+950.00E-06,+447.23617E-03,+237.75125E-03
+975.00E-06,+527.63817E-03,+229.71104E-03
+1.00000E-03,+527.63817E-03,+229.71104E-03
+1.02500E-03,+567.83918E-03,+229.71104E-03
+1.05000E-03,+567.83918E-03,+229.71104E-03
+1.07500E-03,+608.04018E-03,+229.71104E-03
+1.10000E-03,+648.24119E-03,+229.71104E-03
+1.12500E-03,+648.24119E-03,+229.71104E-03
+1.15000E-03,+728.64320E-03,+221.67084E-03
+1.17500E-03,+688.44219E-03,+213.63064E-03
+1.20000E-03,+768.84420E-03,+221.67084E-03
+1.22500E-03,+768.84420E-03,+213.63064E-03
+1.25000E-03,+849.24621E-03,+213.63064E-03
+1.27500E-03,+809.04521E-03,+213.63064E-03
+1.30000E-03,+809.04521E-03,+213.63064E-03
+1.32500E-03,+849.24621E-03,+205.59044E-03
+1.35000E-03,+889.44722E-03,+205.59044E-03
+1.37500E-03,+929.64822E-03,+213.63064E-03
+1.40000E-03,+969.84923E-03,+205.59044E-03
+1.42500E-03,+969.84923E-03,+197.55024E-03
+1.45000E-03,+1.01005023E+00,+197.55024E-03
+1.47500E-03,+1.01005023E+00,+197.55024E-03
+1.50000E-03,+1.05025123E+00,+197.55024E-03
+1.52500E-03,+1.05025123E+00,+189.51004E-03
+1.55000E-03,+1.09045224E+00,+189.51004E-03
+1.57500E-03,+1.09045224E+00,+197.55024E-03
+1.60000E-03,+1.17085425E+00,+181.46984E-03
+1.62500E-03,+1.13065324E+00,+181.46984E-03
+1.65000E-03,+1.21105525E+00,+181.46984E-03
+1.67500E-03,+1.17085425E+00,+173.42964E-03
+1.70000E-03,+1.21105525E+00,+181.46984E-03
+1.72500E-03,+1.21105525E+00,+173.42964E-03
+1.75000E-03,+1.25125626E+00,+165.38944E-03
+1.77500E-03,+1.29145726E+00,+157.34924E-03
+1.80000E-03,+1.29145726E+00,+157.34924E-03
+1.82500E-03,+1.29145726E+00,+157.34924E-03
+1.85000E-03,+1.33165827E+00,+157.34924E-03
+1.87500E-03,+1.37185927E+00,+149.30904E-03
+1.90000E-03,+1.33165827E+00,+149.30904E-03
+1.92500E-03,+1.41206028E+00,+149.30904E-03
+1.95000E-03,+1.37185927E+00,+133.22863E-03
+1.97500E-03,+1.41206028E+00,+141.26883E-03
+2.00000E-03,+1.45226128E+00,+141.26883E-03
+2.02500E-03,+1.45226128E+00,+125.18843E-03
+2.05000E-03,+1.45226128E+00,+125.18843E-03
+2.07500E-03,+1.49246228E+00,+125.18843E-03
+2.10000E-03,+1.49246228E+00,+117.14823E-03
+2.12500E-03,+1.53266329E+00,+117.14823E-03
+2.15000E-03,+1.53266329E+00,+109.10803E-03
+2.17500E-03,+1.53266329E+00,+109.10803E-03
+2.20000E-03,+1.53266329E+00,+101.06783E-03
+2.22500E-03,+1.57286429E+00,+101.06783E-03
+2.25000E-03,+1.57286429E+00,+93.02763E-03
+2.27500E-03,+1.57286429E+00,+84.98743E-03
+2.30000E-03,+1.57286429E+00,+84.98743E-03
+2.32500E-03,+1.61306530E+00,+84.98743E-03
+2.35000E-03,+1.61306530E+00,+76.94723E-03
+2.37500E-03,+1.65326630E+00,+68.90703E-03
+2.40000E-03,+1.65326630E+00,+60.86683E-03
+2.42500E-03,+1.61306530E+00,+60.86683E-03
+2.45000E-03,+1.61306530E+00,+52.82662E-03
+2.47500E-03,+1.65326630E+00,+52.82662E-03
+2.50000E-03,+1.65326630E+00,+36.74622E-03
+2.52500E-03,+1.65326630E+00,+36.74622E-03
+2.55000E-03,+1.69346731E+00,+28.70602E-03
+2.57500E-03,+1.69346731E+00,+28.70602E-03
+2.60000E-03,+1.69346731E+00,+20.66582E-03
+2.62500E-03,+1.65326630E+00,+20.66582E-03
+2.65000E-03,+1.69346731E+00,+12.62562E-03
+2.67500E-03,+1.69346731E+00,+20.66582E-03
+2.70000E-03,+1.69346731E+00,+12.62562E-03
+2.72500E-03,+1.69346731E+00,+12.62562E-03
+2.75000E-03,+1.69346731E+00,+12.62562E-03
+2.77500E-03,+1.69346731E+00,+12.62562E-03
+2.80000E-03,+1.69346731E+00,+4.58542E-03
+2.82500E-03,+1.73366831E+00,+12.62562E-03
+2.85000E-03,+1.69346731E+00,+4.58542E-03
+2.87500E-03,+1.69346731E+00,+4.58542E-03
+2.90000E-03,+1.69346731E+00,+4.58542E-03
+2.92500E-03,+1.69346731E+00,+4.58542E-03
+2.95000E-03,+1.69346731E+00,+4.58542E-03
+2.97500E-03,+1.69346731E+00,-11.49498E-03
+3.00000E-03,+1.73366831E+00,-3.45478E-03
+3.02500E-03,+1.69346731E+00,-3.45478E-03
+3.05000E-03,+1.69346731E+00,-11.49498E-03
+3.07500E-03,+1.69346731E+00,-11.49498E-03
+3.10000E-03,+1.69346731E+00,-11.49498E-03
+3.12500E-03,+1.69346731E+00,-11.49498E-03
+3.15000E-03,+1.69346731E+00,-11.49498E-03
+3.17500E-03,+1.73366831E+00,-11.49498E-03
+3.20000E-03,+1.65326630E+00,-11.49498E-03
+3.22500E-03,+1.69346731E+00,-11.49498E-03
+3.25000E-03,+1.69346731E+00,-19.53518E-03
+3.27500E-03,+1.69346731E+00,-27.57538E-03
+3.30000E-03,+1.69346731E+00,-19.53518E-03
+3.32500E-03,+1.69346731E+00,-19.53518E-03
+3.35000E-03,+1.69346731E+00,-27.57538E-03
+3.37500E-03,+1.65326630E+00,-27.57538E-03
+3.40000E-03,+1.69346731E+00,-35.61559E-03
+3.42500E-03,+1.69346731E+00,-43.65579E-03
+3.45000E-03,+1.69346731E+00,-43.65579E-03
+3.47500E-03,+1.69346731E+00,-51.69599E-03
+3.50000E-03,+1.69346731E+00,-59.73619E-03
+3.52500E-03,+1.65326630E+00,-67.77639E-03
+3.55000E-03,+1.65326630E+00,-59.73619E-03
+3.57500E-03,+1.65326630E+00,-75.81659E-03
+3.60000E-03,+1.61306530E+00,-75.81659E-03
+3.62500E-03,+1.65326630E+00,-75.81659E-03
+3.65000E-03,+1.61306530E+00,-83.85679E-03
+3.67500E-03,+1.65326630E+00,-83.85679E-03
+3.70000E-03,+1.61306530E+00,-83.85679E-03
+3.72500E-03,+1.57286429E+00,-99.93719E-03
+3.75000E-03,+1.57286429E+00,-99.93719E-03
+3.77500E-03,+1.53266329E+00,-107.97739E-03
+3.80000E-03,+1.53266329E+00,-107.97739E-03
+3.82500E-03,+1.53266329E+00,-116.01759E-03
+3.85000E-03,+1.49246228E+00,-116.01759E-03
+3.87500E-03,+1.53266329E+00,-124.05780E-03
+3.90000E-03,+1.53266329E+00,-124.05780E-03
+3.92500E-03,+1.49246228E+00,-124.05780E-03
+3.95000E-03,+1.45226128E+00,-132.09800E-03
+3.97500E-03,+1.45226128E+00,-132.09800E-03
+4.00000E-03,+1.45226128E+00,-140.13820E-03
+4.02500E-03,+1.45226128E+00,-140.13820E-03
+4.05000E-03,+1.41206028E+00,-156.21860E-03
+4.07500E-03,+1.37185927E+00,-148.17840E-03
+4.10000E-03,+1.37185927E+00,-156.21860E-03
+4.12500E-03,+1.33165827E+00,-156.21860E-03
+4.15000E-03,+1.33165827E+00,-156.21860E-03
+4.17500E-03,+1.33165827E+00,-164.25880E-03
+4.20000E-03,+1.29145726E+00,-164.25880E-03
+4.22500E-03,+1.29145726E+00,-164.25880E-03
+4.25000E-03,+1.25125626E+00,-172.29900E-03
+4.27500E-03,+1.25125626E+00,-172.29900E-03
+4.30000E-03,+1.25125626E+00,-180.33920E-03
+4.32500E-03,+1.17085425E+00,-180.33920E-03
+4.35000E-03,+1.17085425E+00,-180.33920E-03
+4.37500E-03,+1.13065324E+00,-196.41960E-03
+4.40000E-03,+1.13065324E+00,-196.41960E-03
+4.42500E-03,+1.13065324E+00,-196.41960E-03
+4.45000E-03,+1.09045224E+00,-196.41960E-03
+4.47500E-03,+1.05025123E+00,-196.41960E-03
+4.50000E-03,+1.09045224E+00,-204.45981E-03
+4.52500E-03,+969.84923E-03,-196.41960E-03
+4.55000E-03,+969.84923E-03,-212.50001E-03
+4.57500E-03,+929.64822E-03,-204.45981E-03
+4.60000E-03,+929.64822E-03,-212.50001E-03
+4.62500E-03,+929.64822E-03,-212.50001E-03
+4.65000E-03,+929.64822E-03,-212.50001E-03
+4.67500E-03,+889.44722E-03,-212.50001E-03
+4.70000E-03,+849.24621E-03,-212.50001E-03
+4.72500E-03,+849.24621E-03,-220.54021E-03
+4.75000E-03,+809.04521E-03,-220.54021E-03
+4.77500E-03,+809.04521E-03,-220.54021E-03
+4.80000E-03,+768.84420E-03,-228.58041E-03
+4.82500E-03,+728.64320E-03,-228.58041E-03
+4.85000E-03,+688.44219E-03,-228.58041E-03
+4.87500E-03,+688.44219E-03,-220.54021E-03
+4.90000E-03,+648.24119E-03,-228.58041E-03
+4.92500E-03,+648.24119E-03,-228.58041E-03
+4.95000E-03,+608.04018E-03,-228.58041E-03
+4.97500E-03,+567.83918E-03,-236.62061E-03
+5.00000E-03,+567.83918E-03,-236.62061E-03
+5.02500E-03,+527.63817E-03,-236.62061E-03
+5.05000E-03,+487.43717E-03,-236.62061E-03
+5.07500E-03,+487.43717E-03,-228.58041E-03
+5.10000E-03,+487.43717E-03,-236.62061E-03
+5.12500E-03,+407.03516E-03,-244.66081E-03
+5.15000E-03,+407.03516E-03,-244.66081E-03
+5.17500E-03,+366.83416E-03,-244.66081E-03
+5.20000E-03,+326.63315E-03,-244.66081E-03
+5.22500E-03,+326.63315E-03,-244.66081E-03
+5.25000E-03,+246.23114E-03,-244.66081E-03
+5.27500E-03,+246.23114E-03,-244.66081E-03
+5.30000E-03,+246.23114E-03,-252.70101E-03
+5.32500E-03,+165.82913E-03,-244.66081E-03
+5.35000E-03,+125.62813E-03,-252.70101E-03
+5.37500E-03,+125.62813E-03,-252.70101E-03
+5.40000E-03,+85.42712E-03,-252.70101E-03
+5.42500E-03,+45.22612E-03,-252.70101E-03
+5.45000E-03,+85.42712E-03,-252.70101E-03
+5.47500E-03,+5.02511E-03,-244.66081E-03
+5.50000E-03,+5.02511E-03,-244.66081E-03
+5.52500E-03,-35.17589E-03,-244.66081E-03
+5.55000E-03,-75.37689E-03,-252.70101E-03
+5.57500E-03,-75.37689E-03,-252.70101E-03
+5.60000E-03,-115.57790E-03,-252.70101E-03
+5.62500E-03,-155.77890E-03,-244.66081E-03
+5.65000E-03,-195.97991E-03,-244.66081E-03
+5.67500E-03,-195.97991E-03,-244.66081E-03
+5.70000E-03,-236.18091E-03,-252.70101E-03
+5.72500E-03,-276.38192E-03,-252.70101E-03
+5.75000E-03,-316.58292E-03,-244.66081E-03
+5.77500E-03,-356.78393E-03,-244.66081E-03
+5.80000E-03,-316.58292E-03,-244.66081E-03
+5.82500E-03,-437.18594E-03,-236.62061E-03
+5.85000E-03,-396.98493E-03,-244.66081E-03
+5.87500E-03,-477.38694E-03,-236.62061E-03
+5.90000E-03,-477.38694E-03,-236.62061E-03
+5.92500E-03,-517.58794E-03,-236.62061E-03
+5.95000E-03,-557.78895E-03,-236.62061E-03
+5.97500E-03,-557.78895E-03,-236.62061E-03
+6.00000E-03,-597.98995E-03,-236.62061E-03
+6.02500E-03,-597.98995E-03,-236.62061E-03
+6.05000E-03,-678.39196E-03,-228.58041E-03
+6.07500E-03,-678.39196E-03,-228.58041E-03
+6.10000E-03,-718.59297E-03,-236.62061E-03
+6.12500E-03,-718.59297E-03,-228.58041E-03
+6.15000E-03,-758.79397E-03,-228.58041E-03
+6.17500E-03,-798.99498E-03,-220.54021E-03
+6.20000E-03,-798.99498E-03,-220.54021E-03
+6.22500E-03,-798.99498E-03,-220.54021E-03
+6.25000E-03,-839.19598E-03,-220.54021E-03
+6.27500E-03,-879.39699E-03,-220.54021E-03
+6.30000E-03,-919.59799E-03,-220.54021E-03
+6.32500E-03,-919.59799E-03,-212.50001E-03
+6.35000E-03,-919.59799E-03,-212.50001E-03
+6.37500E-03,-1.00000000E+00,-212.50001E-03
+6.40000E-03,-1.00000000E+00,-212.50001E-03
+6.42500E-03,-1.00000000E+00,-204.45981E-03
+6.45000E-03,-1.04020100E+00,-204.45981E-03
+6.47500E-03,-1.08040201E+00,-204.45981E-03
+6.50000E-03,-1.08040201E+00,-204.45981E-03
+6.52500E-03,-1.12060301E+00,-196.41960E-03
+6.55000E-03,-1.12060301E+00,-188.37940E-03
+6.57500E-03,-1.16080402E+00,-188.37940E-03
+6.60000E-03,-1.16080402E+00,-180.33920E-03
+6.62500E-03,-1.20100502E+00,-180.33920E-03
+6.65000E-03,-1.20100502E+00,-180.33920E-03
+6.67500E-03,-1.20100502E+00,-180.33920E-03
+6.70000E-03,-1.24120603E+00,-180.33920E-03
+6.72500E-03,-1.28140703E+00,-164.25880E-03
+6.75000E-03,-1.28140703E+00,-164.25880E-03
+6.77500E-03,-1.28140703E+00,-164.25880E-03
+6.80000E-03,-1.32160804E+00,-164.25880E-03
+6.82500E-03,-1.32160804E+00,-156.21860E-03
+6.85000E-03,-1.36180904E+00,-148.17840E-03
+6.87500E-03,-1.36180904E+00,-140.13820E-03
+6.90000E-03,-1.36180904E+00,-140.13820E-03
+6.92500E-03,-1.40201005E+00,-140.13820E-03
+6.95000E-03,-1.44221105E+00,-132.09800E-03
+6.97500E-03,-1.44221105E+00,-132.09800E-03
+7.00000E-03,-1.44221105E+00,-132.09800E-03
+7.02500E-03,-1.48241206E+00,-124.05780E-03
+7.05000E-03,-1.44221105E+00,-116.01759E-03
+7.07500E-03,-1.48241206E+00,-107.97739E-03
+7.10000E-03,-1.48241206E+00,-107.97739E-03
+7.12500E-03,-1.52261306E+00,-99.93719E-03
+7.15000E-03,-1.52261306E+00,-99.93719E-03
+7.17500E-03,-1.56281406E+00,-99.93719E-03
+7.20000E-03,-1.56281406E+00,-91.89699E-03
+7.22500E-03,-1.56281406E+00,-83.85679E-03
+7.25000E-03,-1.56281406E+00,-83.85679E-03
+7.27500E-03,-1.60301507E+00,-75.81659E-03
+7.30000E-03,-1.60301507E+00,-67.77639E-03
+7.32500E-03,-1.56281406E+00,-59.73619E-03
+7.35000E-03,-1.56281406E+00,-51.69599E-03
+7.37500E-03,-1.60301507E+00,-51.69599E-03
+7.40000E-03,-1.56281406E+00,-51.69599E-03
+7.42500E-03,-1.60301507E+00,-43.65579E-03
+7.45000E-03,-1.60301507E+00,-43.65579E-03
+7.47500E-03,-1.60301507E+00,-43.65579E-03
+7.50000E-03,-1.60301507E+00,-35.61559E-03
+7.52500E-03,-1.60301507E+00,-27.57538E-03
+7.55000E-03,-1.64321607E+00,-27.57538E-03
+7.57500E-03,-1.60301507E+00,-27.57538E-03
+7.60000E-03,-1.64321607E+00,-19.53518E-03
+7.62500E-03,-1.64321607E+00,-11.49498E-03
+7.65000E-03,-1.64321607E+00,-19.53518E-03
+7.67500E-03,-1.60301507E+00,-11.49498E-03
+7.70000E-03,-1.60301507E+00,-11.49498E-03
+7.72500E-03,-1.68341708E+00,-11.49498E-03
+7.75000E-03,-1.68341708E+00,-11.49498E-03
+7.77500E-03,-1.64321607E+00,-11.49498E-03
+7.80000E-03,-1.64321607E+00,-3.45478E-03
+7.82500E-03,-1.64321607E+00,-11.49498E-03
+7.85000E-03,-1.64321607E+00,-3.45478E-03
+7.87500E-03,-1.60301507E+00,-11.49498E-03
+7.90000E-03,-1.64321607E+00,-11.49498E-03
+7.92500E-03,-1.68341708E+00,-3.45478E-03
+7.95000E-03,-1.68341708E+00,-3.45478E-03
+7.97500E-03,-1.64321607E+00,-3.45478E-03
+8.00000E-03,-1.60301507E+00,-3.45478E-03
+8.02500E-03,-1.60301507E+00,-3.45478E-03
+8.05000E-03,-1.64321607E+00,+4.58542E-03
+8.07500E-03,-1.64321607E+00,-3.45478E-03
+8.10000E-03,-1.64321607E+00,+4.58542E-03
+8.12500E-03,-1.64321607E+00,+4.58542E-03
+8.15000E-03,-1.60301507E+00,-3.45478E-03
+8.17500E-03,-1.60301507E+00,+4.58542E-03
+8.20000E-03,-1.64321607E+00,+4.58542E-03
+8.22500E-03,-1.64321607E+00,+4.58542E-03
+8.25000E-03,-1.64321607E+00,+4.58542E-03
+8.27500E-03,-1.64321607E+00,+4.58542E-03
+8.30000E-03,-1.60301507E+00,+4.58542E-03
+8.32500E-03,-1.60301507E+00,+12.62562E-03
+8.35000E-03,-1.60301507E+00,+12.62562E-03
+8.37500E-03,-1.60301507E+00,+12.62562E-03
+8.40000E-03,-1.60301507E+00,+20.66582E-03
+8.42500E-03,-1.60301507E+00,+28.70602E-03
+8.45000E-03,-1.60301507E+00,+20.66582E-03
+8.47500E-03,-1.60301507E+00,+28.70602E-03
+8.50000E-03,-1.60301507E+00,+36.74622E-03
+8.52500E-03,-1.60301507E+00,+36.74622E-03
+8.55000E-03,-1.64321607E+00,+36.74622E-03
+8.57500E-03,-1.60301507E+00,+52.82662E-03
+8.60000E-03,-1.60301507E+00,+44.78642E-03
+8.62500E-03,-1.56281406E+00,+60.86683E-03
+8.65000E-03,-1.52261306E+00,+52.82662E-03
+8.67500E-03,-1.56281406E+00,+60.86683E-03
+8.70000E-03,-1.52261306E+00,+68.90703E-03
+8.72500E-03,-1.52261306E+00,+68.90703E-03
+8.75000E-03,-1.52261306E+00,+68.90703E-03
+8.77500E-03,-1.56281406E+00,+76.94723E-03
+8.80000E-03,-1.56281406E+00,+84.98743E-03
+8.82500E-03,-1.48241206E+00,+84.98743E-03
+8.85000E-03,-1.48241206E+00,+101.06783E-03
+8.87500E-03,-1.52261306E+00,+93.02763E-03
+8.90000E-03,-1.48241206E+00,+101.06783E-03
+8.92500E-03,-1.48241206E+00,+101.06783E-03
+8.95000E-03,-1.44221105E+00,+109.10803E-03
+8.97500E-03,-1.44221105E+00,+117.14823E-03
+9.00000E-03,-1.40201005E+00,+117.14823E-03
+9.02500E-03,-1.40201005E+00,+117.14823E-03
+9.05000E-03,-1.36180904E+00,+125.18843E-03
+9.07500E-03,-1.36180904E+00,+133.22863E-03
+9.10000E-03,-1.36180904E+00,+141.26883E-03
+9.12500E-03,-1.32160804E+00,+149.30904E-03
+9.15000E-03,-1.32160804E+00,+141.26883E-03
+9.17500E-03,-1.28140703E+00,+141.26883E-03
+9.20000E-03,-1.28140703E+00,+149.30904E-03
+9.22500E-03,-1.28140703E+00,+157.34924E-03
+9.25000E-03,-1.24120603E+00,+157.34924E-03
+9.27500E-03,-1.24120603E+00,+165.38944E-03
+9.30000E-03,-1.24120603E+00,+165.38944E-03
+9.32500E-03,-1.20100502E+00,+173.42964E-03
+9.35000E-03,-1.16080402E+00,+173.42964E-03
+9.37500E-03,-1.16080402E+00,+173.42964E-03
+9.40000E-03,-1.12060301E+00,+181.46984E-03
+9.42500E-03,-1.12060301E+00,+181.46984E-03
+9.45000E-03,-1.08040201E+00,+181.46984E-03
+9.47500E-03,-1.08040201E+00,+189.51004E-03
+9.50000E-03,-1.04020100E+00,+181.46984E-03
+9.52500E-03,-1.04020100E+00,+197.55024E-03
+9.55000E-03,-1.00000000E+00,+197.55024E-03
+9.57500E-03,-1.00000000E+00,+197.55024E-03
+9.60000E-03,-959.79900E-03,+205.59044E-03
+9.62500E-03,-919.59799E-03,+197.55024E-03
+9.65000E-03,-919.59799E-03,+205.59044E-03
+9.67500E-03,-879.39699E-03,+205.59044E-03
+9.70000E-03,-839.19598E-03,+213.63064E-03
+9.72500E-03,-839.19598E-03,+213.63064E-03
+9.75000E-03,-798.99498E-03,+213.63064E-03
+9.77500E-03,-758.79397E-03,+213.63064E-03
+9.80000E-03,-758.79397E-03,+213.63064E-03
+9.82500E-03,-718.59297E-03,+221.67084E-03
+9.85000E-03,-718.59297E-03,+221.67084E-03
+9.87500E-03,-638.19096E-03,+229.71104E-03
+9.90000E-03,-678.39196E-03,+229.71104E-03
+9.92500E-03,-597.98995E-03,+221.67084E-03
+9.95000E-03,-597.98995E-03,+229.71104E-03
+9.97500E-03,-557.78895E-03,+229.71104E-03
+10.00000E-03,-517.58794E-03,+229.71104E-03
+10.02500E-03,-517.58794E-03,+229.71104E-03
+10.05000E-03,-477.38694E-03,+237.75125E-03
+10.07500E-03,-437.18594E-03,+229.71104E-03
+10.10000E-03,-437.18594E-03,+245.79145E-03
+10.12500E-03,-437.18594E-03,+229.71104E-03
+10.15000E-03,-396.98493E-03,+237.75125E-03
+10.17500E-03,-316.58292E-03,+237.75125E-03
+10.20000E-03,-316.58292E-03,+245.79145E-03
+10.22500E-03,-276.38192E-03,+245.79145E-03
+10.25000E-03,-276.38192E-03,+245.79145E-03
+10.27500E-03,-276.38192E-03,+237.75125E-03
+10.30000E-03,-195.97991E-03,+245.79145E-03
+10.32500E-03,-155.77890E-03,+237.75125E-03
+10.35000E-03,-155.77890E-03,+245.79145E-03
+10.37500E-03,-115.57790E-03,+237.75125E-03
+10.40000E-03,-75.37689E-03,+245.79145E-03
+10.42500E-03,-35.17589E-03,+245.79145E-03
+10.45000E-03,-35.17589E-03,+245.79145E-03
+10.47500E-03,+5.02511E-03,+245.79145E-03
+10.50000E-03,+45.22612E-03,+237.75125E-03
+10.52500E-03,+85.42712E-03,+245.79145E-03
+10.55000E-03,+85.42712E-03,+245.79145E-03
+10.57500E-03,+125.62813E-03,+237.75125E-03
+10.60000E-03,+165.82913E-03,+237.75125E-03
+10.62500E-03,+165.82913E-03,+245.79145E-03
+10.65000E-03,+206.03014E-03,+245.79145E-03
+10.67500E-03,+206.03014E-03,+237.75125E-03
+10.70000E-03,+246.23114E-03,+237.75125E-03
+10.72500E-03,+286.43215E-03,+237.75125E-03
+10.75000E-03,+286.43215E-03,+237.75125E-03
+10.77500E-03,+326.63315E-03,+237.75125E-03
+10.80000E-03,+366.83416E-03,+237.75125E-03
+10.82500E-03,+407.03516E-03,+237.75125E-03
+10.85000E-03,+487.43717E-03,+229.71104E-03
+10.87500E-03,+447.23617E-03,+237.75125E-03
+10.90000E-03,+487.43717E-03,+237.75125E-03
+10.92500E-03,+527.63817E-03,+229.71104E-03
+10.95000E-03,+567.83918E-03,+229.71104E-03
+10.97500E-03,+567.83918E-03,+229.71104E-03
+11.00000E-03,+608.04018E-03,+229.71104E-03
+11.02500E-03,+608.04018E-03,+229.71104E-03
+11.05000E-03,+648.24119E-03,+221.67084E-03
+11.07500E-03,+648.24119E-03,+221.67084E-03
+11.10000E-03,+688.44219E-03,+221.67084E-03
+11.12500E-03,+768.84420E-03,+221.67084E-03
+11.15000E-03,+768.84420E-03,+213.63064E-03
+11.17500E-03,+768.84420E-03,+221.67084E-03
+11.20000E-03,+809.04521E-03,+213.63064E-03
+11.22500E-03,+849.24621E-03,+221.67084E-03
+11.25000E-03,+889.44722E-03,+221.67084E-03
+11.27500E-03,+889.44722E-03,+213.63064E-03
+11.30000E-03,+929.64822E-03,+213.63064E-03
+11.32500E-03,+929.64822E-03,+205.59044E-03
+11.35000E-03,+969.84923E-03,+205.59044E-03
+11.37500E-03,+929.64822E-03,+205.59044E-03
+11.40000E-03,+969.84923E-03,+197.55024E-03
+11.42500E-03,+1.01005023E+00,+205.59044E-03
+11.45000E-03,+1.09045224E+00,+197.55024E-03
+11.47500E-03,+1.05025123E+00,+197.55024E-03
+11.50000E-03,+1.05025123E+00,+181.46984E-03
+11.52500E-03,+1.09045224E+00,+189.51004E-03
+11.55000E-03,+1.13065324E+00,+181.46984E-03
+11.57500E-03,+1.13065324E+00,+181.46984E-03
+11.60000E-03,+1.17085425E+00,+181.46984E-03
+11.62500E-03,+1.21105525E+00,+173.42964E-03
+11.65000E-03,+1.21105525E+00,+173.42964E-03
+11.67500E-03,+1.25125626E+00,+173.42964E-03
+11.70000E-03,+1.21105525E+00,+165.38944E-03
+11.72500E-03,+1.29145726E+00,+157.34924E-03
+11.75000E-03,+1.33165827E+00,+149.30904E-03
+11.77500E-03,+1.33165827E+00,+149.30904E-03
+11.80000E-03,+1.33165827E+00,+149.30904E-03
+11.82500E-03,+1.37185927E+00,+149.30904E-03
+11.85000E-03,+1.37185927E+00,+149.30904E-03
+11.87500E-03,+1.37185927E+00,+149.30904E-03
+11.90000E-03,+1.41206028E+00,+141.26883E-03
+11.92500E-03,+1.45226128E+00,+141.26883E-03
+11.95000E-03,+1.45226128E+00,+133.22863E-03
+11.97500E-03,+1.49246228E+00,+125.18843E-03
+12.00000E-03,+1.45226128E+00,+117.14823E-03
+12.02500E-03,+1.49246228E+00,+125.18843E-03
+12.05000E-03,+1.49246228E+00,+109.10803E-03
+12.07500E-03,+1.53266329E+00,+109.10803E-03
+12.10000E-03,+1.53266329E+00,+101.06783E-03
+12.12500E-03,+1.57286429E+00,+101.06783E-03
+12.15000E-03,+1.57286429E+00,+101.06783E-03
+12.17500E-03,+1.57286429E+00,+101.06783E-03
+12.20000E-03,+1.57286429E+00,+93.02763E-03
+12.22500E-03,+1.61306530E+00,+84.98743E-03
+12.25000E-03,+1.61306530E+00,+84.98743E-03
+12.27500E-03,+1.61306530E+00,+84.98743E-03
+12.30000E-03,+1.61306530E+00,+76.94723E-03
+12.32500E-03,+1.65326630E+00,+68.90703E-03
+12.35000E-03,+1.61306530E+00,+68.90703E-03
+12.37500E-03,+1.65326630E+00,+52.82662E-03
+12.40000E-03,+1.65326630E+00,+44.78642E-03
+12.42500E-03,+1.69346731E+00,+44.78642E-03
+12.45000E-03,+1.69346731E+00,+44.78642E-03
+12.47500E-03,+1.65326630E+00,+36.74622E-03
+12.50000E-03,+1.65326630E+00,+20.66582E-03
+12.52500E-03,+1.69346731E+00,+20.66582E-03
+12.55000E-03,+1.65326630E+00,+20.66582E-03
+12.57500E-03,+1.65326630E+00,+20.66582E-03
+12.60000E-03,+1.69346731E+00,+20.66582E-03
+12.62500E-03,+1.69346731E+00,+12.62562E-03
+12.65000E-03,+1.65326630E+00,+12.62562E-03
+12.67500E-03,+1.69346731E+00,+12.62562E-03
+12.70000E-03,+1.65326630E+00,+4.58542E-03
+12.72500E-03,+1.69346731E+00,+4.58542E-03
+12.75000E-03,+1.69346731E+00,+4.58542E-03
+12.77500E-03,+1.65326630E+00,-3.45478E-03
+12.80000E-03,+1.69346731E+00,+4.58542E-03
+12.82500E-03,+1.69346731E+00,-3.45478E-03
+12.85000E-03,+1.69346731E+00,-3.45478E-03
+12.87500E-03,+1.69346731E+00,-3.45478E-03
+12.90000E-03,+1.73366831E+00,-11.49498E-03
+12.92500E-03,+1.69346731E+00,-11.49498E-03
+12.95000E-03,+1.65326630E+00,-11.49498E-03
+12.97500E-03,+1.69346731E+00,-11.49498E-03
+13.00000E-03,+1.69346731E+00,-11.49498E-03
+13.02500E-03,+1.73366831E+00,-11.49498E-03
+13.05000E-03,+1.69346731E+00,-11.49498E-03
+13.07500E-03,+1.69346731E+00,-11.49498E-03
+13.10000E-03,+1.69346731E+00,-11.49498E-03
+13.12500E-03,+1.69346731E+00,-19.53518E-03
+13.15000E-03,+1.69346731E+00,-19.53518E-03
+13.17500E-03,+1.65326630E+00,-27.57538E-03
+13.20000E-03,+1.65326630E+00,-35.61559E-03
+13.22500E-03,+1.65326630E+00,-27.57538E-03
+13.25000E-03,+1.69346731E+00,-27.57538E-03
+13.27500E-03,+1.65326630E+00,-43.65579E-03
+13.30000E-03,+1.69346731E+00,-43.65579E-03
+13.32500E-03,+1.69346731E+00,-43.65579E-03
+13.35000E-03,+1.65326630E+00,-51.69599E-03
+13.37500E-03,+1.65326630E+00,-67.77639E-03
+13.40000E-03,+1.65326630E+00,-59.73619E-03
+13.42500E-03,+1.65326630E+00,-67.77639E-03
+13.45000E-03,+1.65326630E+00,-59.73619E-03
+13.47500E-03,+1.65326630E+00,-75.81659E-03
+13.50000E-03,+1.65326630E+00,-83.85679E-03
+13.52500E-03,+1.61306530E+00,-83.85679E-03
+13.55000E-03,+1.57286429E+00,-91.89699E-03
+13.57500E-03,+1.57286429E+00,-91.89699E-03
+13.60000E-03,+1.53266329E+00,-99.93719E-03
+13.62500E-03,+1.57286429E+00,-99.93719E-03
+13.65000E-03,+1.57286429E+00,-107.97739E-03
+13.67500E-03,+1.57286429E+00,-107.97739E-03
+13.70000E-03,+1.53266329E+00,-116.01759E-03
+13.72500E-03,+1.49246228E+00,-124.05780E-03
+13.75000E-03,+1.49246228E+00,-124.05780E-03
+13.77500E-03,+1.49246228E+00,-132.09800E-03
+13.80000E-03,+1.45226128E+00,-124.05780E-03
+13.82500E-03,+1.45226128E+00,-132.09800E-03
+13.85000E-03,+1.45226128E+00,-140.13820E-03
+13.87500E-03,+1.45226128E+00,-140.13820E-03
+13.90000E-03,+1.37185927E+00,-140.13820E-03
+13.92500E-03,+1.41206028E+00,-140.13820E-03
+13.95000E-03,+1.45226128E+00,-148.17840E-03
+13.97500E-03,+1.37185927E+00,-156.21860E-03
+14.00000E-03,+1.37185927E+00,-156.21860E-03
+14.02500E-03,+1.37185927E+00,-156.21860E-03
+14.05000E-03,+1.33165827E+00,-164.25880E-03
+14.07500E-03,+1.29145726E+00,-164.25880E-03
+14.10000E-03,+1.29145726E+00,-172.29900E-03
+14.12500E-03,+1.25125626E+00,-172.29900E-03
+14.15000E-03,+1.21105525E+00,-180.33920E-03
+14.17500E-03,+1.21105525E+00,-180.33920E-03
+14.20000E-03,+1.21105525E+00,-180.33920E-03
+14.22500E-03,+1.17085425E+00,-188.37940E-03
+14.25000E-03,+1.17085425E+00,-188.37940E-03
+14.27500E-03,+1.17085425E+00,-188.37940E-03
+14.30000E-03,+1.13065324E+00,-188.37940E-03
+14.32500E-03,+1.09045224E+00,-196.41960E-03
+14.35000E-03,+1.05025123E+00,-188.37940E-03
+14.37500E-03,+1.01005023E+00,-196.41960E-03
+14.40000E-03,+1.05025123E+00,-204.45981E-03
+14.42500E-03,+1.01005023E+00,-204.45981E-03
+14.45000E-03,+969.84923E-03,-204.45981E-03
+14.47500E-03,+929.64822E-03,-204.45981E-03
+14.50000E-03,+929.64822E-03,-212.50001E-03
+14.52500E-03,+929.64822E-03,-220.54021E-03
+14.55000E-03,+889.44722E-03,-212.50001E-03
+14.57500E-03,+889.44722E-03,-212.50001E-03
+14.60000E-03,+849.24621E-03,-220.54021E-03
+14.62500E-03,+809.04521E-03,-220.54021E-03
+14.65000E-03,+768.84420E-03,-220.54021E-03
+14.67500E-03,+768.84420E-03,-220.54021E-03
+14.70000E-03,+768.84420E-03,-220.54021E-03
+14.72500E-03,+688.44219E-03,-220.54021E-03
+14.75000E-03,+688.44219E-03,-220.54021E-03
+14.77500E-03,+688.44219E-03,-220.54021E-03
+14.80000E-03,+608.04018E-03,-228.58041E-03
+14.82500E-03,+608.04018E-03,-228.58041E-03
+14.85000E-03,+567.83918E-03,-228.58041E-03
+14.87500E-03,+567.83918E-03,-244.66081E-03
+14.90000E-03,+487.43717E-03,-236.62061E-03
+14.92500E-03,+487.43717E-03,-236.62061E-03
+14.95000E-03,+487.43717E-03,-236.62061E-03
+14.97500E-03,+447.23617E-03,-244.66081E-03
+15.00000E-03,+407.03516E-03,-244.66081E-03
+15.02500E-03,+366.83416E-03,-236.62061E-03
+15.05000E-03,+326.63315E-03,-236.62061E-03
+15.07500E-03,+326.63315E-03,-244.66081E-03
+15.10000E-03,+286.43215E-03,-244.66081E-03
+15.12500E-03,+286.43215E-03,-252.70101E-03
+15.15000E-03,+246.23114E-03,-244.66081E-03
+15.17500E-03,+206.03014E-03,-252.70101E-03
+15.20000E-03,+206.03014E-03,-244.66081E-03
+15.22500E-03,+165.82913E-03,-244.66081E-03
+15.25000E-03,+125.62813E-03,-244.66081E-03
+15.27500E-03,+125.62813E-03,-252.70101E-03
+15.30000E-03,+45.22612E-03,-244.66081E-03
+15.32500E-03,+45.22612E-03,-252.70101E-03
+15.35000E-03,+45.22612E-03,-244.66081E-03
+15.37500E-03,+5.02511E-03,-252.70101E-03
+15.40000E-03,-35.17589E-03,-252.70101E-03
+15.42500E-03,-35.17589E-03,-244.66081E-03
+15.45000E-03,-75.37689E-03,-244.66081E-03
+15.47500E-03,-115.57790E-03,-244.66081E-03
+15.50000E-03,-155.77890E-03,-252.70101E-03
+15.52500E-03,-195.97991E-03,-244.66081E-03
+15.55000E-03,-195.97991E-03,-236.62061E-03
+15.57500E-03,-236.18091E-03,-244.66081E-03
+15.60000E-03,-276.38192E-03,-244.66081E-03
+15.62500E-03,-276.38192E-03,-252.70101E-03
+15.65000E-03,-316.58292E-03,-244.66081E-03
+15.67500E-03,-356.78393E-03,-244.66081E-03
+15.70000E-03,-396.98493E-03,-244.66081E-03
+15.72500E-03,-437.18594E-03,-244.66081E-03
+15.75000E-03,-437.18594E-03,-236.62061E-03
+15.77500E-03,-477.38694E-03,-236.62061E-03
+15.80000E-03,-477.38694E-03,-236.62061E-03
+15.82500E-03,-557.78895E-03,-236.62061E-03
+15.85000E-03,-557.78895E-03,-236.62061E-03
+15.87500E-03,-597.98995E-03,-236.62061E-03
+15.90000E-03,-597.98995E-03,-236.62061E-03
+15.92500E-03,-638.19096E-03,-244.66081E-03
+15.95000E-03,-678.39196E-03,-236.62061E-03
+15.97500E-03,-678.39196E-03,-236.62061E-03
+16.00000E-03,-718.59297E-03,-228.58041E-03
+16.02500E-03,-718.59297E-03,-228.58041E-03
+16.05000E-03,-718.59297E-03,-220.54021E-03
+16.07500E-03,-798.99498E-03,-220.54021E-03
+16.10000E-03,-798.99498E-03,-220.54021E-03
+16.12500E-03,-879.39699E-03,-220.54021E-03
+16.15000E-03,-879.39699E-03,-220.54021E-03
+16.17500E-03,-879.39699E-03,-212.50001E-03
+16.20000E-03,-919.59799E-03,-212.50001E-03
+16.22500E-03,-919.59799E-03,-212.50001E-03
+16.25000E-03,-959.79900E-03,-204.45981E-03
+16.27500E-03,-959.79900E-03,-204.45981E-03
+16.30000E-03,-1.04020100E+00,-212.50001E-03
+16.32500E-03,-1.04020100E+00,-204.45981E-03
+16.35000E-03,-1.04020100E+00,-204.45981E-03
+16.37500E-03,-1.08040201E+00,-188.37940E-03
+16.40000E-03,-1.12060301E+00,-196.41960E-03
+16.42500E-03,-1.12060301E+00,-196.41960E-03
+16.45000E-03,-1.12060301E+00,-188.37940E-03
+16.47500E-03,-1.16080402E+00,-180.33920E-03
+16.50000E-03,-1.16080402E+00,-180.33920E-03
+16.52500E-03,-1.20100502E+00,-180.33920E-03
+16.55000E-03,-1.20100502E+00,-172.29900E-03
+16.57500E-03,-1.24120603E+00,-172.29900E-03
+16.60000E-03,-1.24120603E+00,-172.29900E-03
+16.62500E-03,-1.24120603E+00,-164.25880E-03
+16.65000E-03,-1.28140703E+00,-164.25880E-03
+16.67500E-03,-1.32160804E+00,-156.21860E-03
+16.70000E-03,-1.32160804E+00,-148.17840E-03
+16.72500E-03,-1.32160804E+00,-156.21860E-03
+16.75000E-03,-1.36180904E+00,-148.17840E-03
+16.77500E-03,-1.36180904E+00,-148.17840E-03
+16.80000E-03,-1.40201005E+00,-140.13820E-03
+16.82500E-03,-1.40201005E+00,-132.09800E-03
+16.85000E-03,-1.40201005E+00,-132.09800E-03
+16.87500E-03,-1.40201005E+00,-132.09800E-03
+16.90000E-03,-1.44221105E+00,-124.05780E-03
+16.92500E-03,-1.44221105E+00,-124.05780E-03
+16.95000E-03,-1.48241206E+00,-116.01759E-03
+16.97500E-03,-1.48241206E+00,-116.01759E-03
+17.00000E-03,-1.48241206E+00,-99.93719E-03
+17.02500E-03,-1.52261306E+00,-99.93719E-03
+17.05000E-03,-1.56281406E+00,-91.89699E-03
+17.07500E-03,-1.52261306E+00,-83.85679E-03
+17.10000E-03,-1.56281406E+00,-83.85679E-03
+17.12500E-03,-1.56281406E+00,-75.81659E-03
+17.15000E-03,-1.56281406E+00,-67.77639E-03
+17.17500E-03,-1.56281406E+00,-67.77639E-03
+17.20000E-03,-1.56281406E+00,-67.77639E-03
+17.22500E-03,-1.56281406E+00,-59.73619E-03
+17.25000E-03,-1.56281406E+00,-51.69599E-03
+17.27500E-03,-1.60301507E+00,-59.73619E-03
+17.30000E-03,-1.60301507E+00,-43.65579E-03
+17.32500E-03,-1.60301507E+00,-35.61559E-03
+17.35000E-03,-1.64321607E+00,-43.65579E-03
+17.37500E-03,-1.60301507E+00,-35.61559E-03
+17.40000E-03,-1.60301507E+00,-35.61559E-03
+17.42500E-03,-1.64321607E+00,-27.57538E-03
+17.45000E-03,-1.64321607E+00,-19.53518E-03
+17.47500E-03,-1.64321607E+00,-19.53518E-03
+17.50000E-03,-1.64321607E+00,-19.53518E-03
+17.52500E-03,-1.64321607E+00,-19.53518E-03
+17.55000E-03,-1.64321607E+00,-11.49498E-03
+17.57500E-03,-1.64321607E+00,-11.49498E-03
+17.60000E-03,-1.64321607E+00,-11.49498E-03
+17.62500E-03,-1.68341708E+00,-11.49498E-03
+17.65000E-03,-1.64321607E+00,-3.45478E-03
+17.67500E-03,-1.64321607E+00,-11.49498E-03
+17.70000E-03,-1.64321607E+00,-3.45478E-03
+17.72500E-03,-1.64321607E+00,-11.49498E-03
+17.75000E-03,-1.68341708E+00,-11.49498E-03
+17.77500E-03,-1.64321607E+00,-11.49498E-03
+17.80000E-03,-1.64321607E+00,-3.45478E-03
+17.82500E-03,-1.64321607E+00,+4.58542E-03
+17.85000E-03,-1.60301507E+00,-3.45478E-03
+17.87500E-03,-1.60301507E+00,-3.45478E-03
+17.90000E-03,-1.64321607E+00,+4.58542E-03
+17.92500E-03,-1.64321607E+00,-3.45478E-03
+17.95000E-03,-1.64321607E+00,+4.58542E-03
+17.97500E-03,-1.64321607E+00,-3.45478E-03
+18.00000E-03,-1.60301507E+00,+4.58542E-03
+18.02500E-03,-1.64321607E+00,+12.62562E-03
+18.05000E-03,-1.64321607E+00,+12.62562E-03
+18.07500E-03,-1.64321607E+00,+4.58542E-03
